clusterID,DV,AP_dist,power,effects,area
11,-1530.28943294985,0,2,0.5740757190211,m2_1
11,-1530.28943294985,1,2,0.54565910290698,m2_1
11,-1530.28943294985,2,2,0.599843143419482,m2_1
11,-1530.28943294985,3,2,1.00379826999057,m2_1
11,-1530.28943294985,0,4,0.75309576252251,m2_1
11,-1530.28943294985,1,4,0.490382554533514,m2_1
11,-1530.28943294985,2,4,0.726179352441558,m2_1
11,-1530.28943294985,3,4,0.930125784051655,m2_1
18,-1424.57401311144,0,2,0.339014224810243,m2_1
18,-1424.57401311144,1,2,1.371254575846,m2_1
18,-1424.57401311144,2,2,0.408490028055995,m2_1
18,-1424.57401311144,3,2,0.666902207247299,m2_1
18,-1424.57401311144,0,4,0.0976605398140604,m2_1
18,-1424.57401311144,1,4,0.82092969632844,m2_1
18,-1424.57401311144,2,4,0.464216358200435,m2_1
18,-1424.57401311144,3,4,1.19725250958837,m2_1
23,-1403.43092914375,0,2,0.29022895312712,m2_1
23,-1403.43092914375,1,2,1.49149853068983,m2_1
23,-1403.43092914375,2,2,1.03953973343825,m2_1
23,-1403.43092914375,3,2,1.33258415265878,m2_1
23,-1403.43092914375,0,4,0.829313556191768,m2_1
23,-1403.43092914375,1,4,1.16444414609411,m2_1
23,-1403.43092914375,2,4,1.34573374712197,m2_1
23,-1403.43092914375,3,4,1.07061120671018,m2_1
31,-1382.28784517607,0,2,0.203224931751321,m2_1
31,-1382.28784517607,1,2,0.518585200867262,m2_1
31,-1382.28784517607,2,2,0.597447952072319,m2_1
31,-1382.28784517607,3,2,1.17818620325307,m2_1
31,-1382.28784517607,0,4,0.364991742918731,m2_1
31,-1382.28784517607,1,4,0.327348918091929,m2_1
31,-1382.28784517607,2,4,0.59801817425428,m2_1
31,-1382.28784517607,3,4,0.915015486745526,m2_1
38,-1382.28784517607,0,2,0.750099045431106,m2_1
38,-1382.28784517607,1,2,0.858434063582935,m2_1
38,-1382.28784517607,2,2,0.680231928309448,m2_1
38,-1382.28784517607,3,2,0.827386452575184,m2_1
38,-1382.28784517607,0,4,0.608795817173201,m2_1
38,-1382.28784517607,1,4,0.49948034988875,m2_1
38,-1382.28784517607,2,4,0.891667283509417,m2_1
38,-1382.28784517607,3,4,0.867824890573672,m2_1
47,-1318.85859327302,0,2,0.349016555708227,m2_1
47,-1318.85859327302,1,2,0.553144004868357,m2_1
47,-1318.85859327302,2,2,1.44774908327637,m2_1
47,-1318.85859327302,3,2,1.09950257214259,m2_1
47,-1318.85859327302,0,4,0.127925797583773,m2_1
47,-1318.85859327302,1,4,0.432469505890211,m2_1
47,-1318.85859327302,2,4,1.53569709424733,m2_1
47,-1318.85859327302,3,4,1.17407916161672,m2_1
48,-1340.00167724071,0,2,0.686370853052402,m2_1
48,-1340.00167724071,1,2,0.623624154134659,m2_1
48,-1340.00167724071,2,2,1.22320881530911,m2_1
48,-1340.00167724071,3,2,1.07510600747193,m2_1
48,-1340.00167724071,0,4,0.401724129096691,m2_1
48,-1340.00167724071,1,4,0.805242602237157,m2_1
48,-1340.00167724071,2,4,0.838616159525454,m2_1
48,-1340.00167724071,3,4,1.140829836707,m2_1
50,-1340.00167724071,0,2,0.437267920287743,m2_1
50,-1340.00167724071,1,2,0.84940033505091,m2_1
50,-1340.00167724071,2,2,1.03657390244882,m2_1
50,-1340.00167724071,3,2,1.10448842971684,m2_1
50,-1340.00167724071,0,4,0.297153113853978,m2_1
50,-1340.00167724071,1,4,0.811401654656806,m2_1
50,-1340.00167724071,2,4,1.26322074695768,m2_1
50,-1340.00167724071,3,4,1.08389368843511,m2_1
51,-1340.00167724071,0,2,0.40915344984812,m2_1
51,-1340.00167724071,1,2,0.724601242959521,m2_1
51,-1340.00167724071,2,2,0.700595099674204,m2_1
51,-1340.00167724071,3,2,1.10986281320368,m2_1
51,-1340.00167724071,0,4,0.477717653012147,m2_1
51,-1340.00167724071,1,4,0.617146749843747,m2_1
51,-1340.00167724071,2,4,0.904339016043111,m2_1
51,-1340.00167724071,3,4,0.974807599230073,m2_1
52,-1297.71550930534,0,2,0.519869710178855,m2_1
52,-1297.71550930534,1,2,1.32503291874324,m2_1
52,-1297.71550930534,2,2,0.937668737578561,m2_1
52,-1297.71550930534,3,2,1.12878401578036,m2_1
52,-1297.71550930534,0,4,0.415686977238719,m2_1
52,-1297.71550930534,1,4,1.37526190755242,m2_1
52,-1297.71550930534,2,4,1.44977690244659,m2_1
52,-1297.71550930534,3,4,1.29329370995041,m2_1
58,-1297.71550930534,0,2,0.439061248584204,m2_1
58,-1297.71550930534,1,2,0.5659188329866,m2_1
58,-1297.71550930534,2,2,0.621858552546761,m2_1
58,-1297.71550930534,3,2,1.02403855301154,m2_1
58,-1297.71550930534,0,4,0.410924900449888,m2_1
58,-1297.71550930534,1,4,0.605121793809339,m2_1
58,-1297.71550930534,2,4,0.702665606092901,m2_1
58,-1297.71550930534,3,4,0.889043545373604,m2_1
65,-1234.28625740229,0,2,0.213648512429633,m2_1
65,-1234.28625740229,1,2,0.736541182106411,m2_1
65,-1234.28625740229,2,2,0.469894035092974,m2_1
65,-1234.28625740229,3,2,1.26460790506703,m2_1
65,-1234.28625740229,0,4,0.11067427300703,m2_1
65,-1234.28625740229,1,4,0.506906548088208,m2_1
65,-1234.28625740229,2,4,0.986769974937425,m2_1
65,-1234.28625740229,3,4,1.1437234072093,m2_1
67,-1234.28625740229,0,2,0.595923704702516,m2_1
67,-1234.28625740229,1,2,0.759905509600411,m2_1
67,-1234.28625740229,2,2,0.820027654988596,m2_1
67,-1234.28625740229,3,2,0.930674170114278,m2_1
67,-1234.28625740229,0,4,0.765523124560586,m2_1
67,-1234.28625740229,1,4,0.837148011108175,m2_1
67,-1234.28625740229,2,4,0.92909250788993,m2_1
67,-1234.28625740229,3,4,1.16317918116132,m2_1
71,-1192.00008946692,0,2,0.552485706519314,m2_1
71,-1192.00008946692,1,2,0.582742018269352,m2_1
71,-1192.00008946692,2,2,0.743321715562696,m2_1
71,-1192.00008946692,3,2,0.5171326517379,m2_1
71,-1192.00008946692,0,4,0.503187616352871,m2_1
71,-1192.00008946692,1,4,1.2245453258269,m2_1
71,-1192.00008946692,2,4,1.11590183575051,m2_1
71,-1192.00008946692,3,4,0.620236096371625,m2_1
75,-1192.00008946692,0,2,0.294794312846113,m2_1
75,-1192.00008946692,1,2,0.310869375922854,m2_1
75,-1192.00008946692,2,2,0.376199237381577,m2_1
75,-1192.00008946692,3,2,0.75731651002349,m2_1
75,-1192.00008946692,0,4,0.482508866991095,m2_1
75,-1192.00008946692,1,4,0.308176402717287,m2_1
75,-1192.00008946692,2,4,0.459724143510711,m2_1
75,-1192.00008946692,3,4,0.614588831094179,m2_1
83,-1149.71392153156,0,2,0.218122909840086,m2_1
83,-1149.71392153156,1,2,0.041274999747759,m2_1
83,-1149.71392153156,2,2,0.265484658932982,m2_1
83,-1149.71392153156,3,2,0.662445632074709,m2_1
83,-1149.71392153156,0,4,0.0475172950570064,m2_1
83,-1149.71392153156,1,4,0.259535077160322,m2_1
83,-1149.71392153156,2,4,0.062349883970111,m2_1
83,-1149.71392153156,3,4,0.659667173213399,m2_1
84,-1170.85700549924,0,2,0.536743287695086,m2_1
84,-1170.85700549924,1,2,0.483739875585577,m2_1
84,-1170.85700549924,2,2,0.751447035081135,m2_1
84,-1170.85700549924,3,2,0.845960391509607,m2_1
84,-1170.85700549924,0,4,0.641047045413842,m2_1
84,-1170.85700549924,1,4,0.750171670490953,m2_1
84,-1170.85700549924,2,4,0.885587462569653,m2_1
84,-1170.85700549924,3,4,0.781918530158923,m2_1
86,-1149.71392153156,0,2,0.231351314117868,m2_1
86,-1149.71392153156,1,2,0.225352187305512,m2_1
86,-1149.71392153156,2,2,0.396823630616297,m2_1
86,-1149.71392153156,3,2,0.612206417407598,m2_1
86,-1149.71392153156,0,4,0.241179910337712,m2_1
86,-1149.71392153156,1,4,0.220389683807053,m2_1
86,-1149.71392153156,2,4,0.312847609444896,m2_1
86,-1149.71392153156,3,4,0.52861374343866,m2_1
92,-1128.57083756388,0,2,0.509296093945175,m2_1
92,-1128.57083756388,1,2,0.96406309039231,m2_1
92,-1128.57083756388,2,2,1.18533026149116,m2_1
92,-1128.57083756388,3,2,1.68639780996263,m2_1
92,-1128.57083756388,0,4,0.382043778975644,m2_1
92,-1128.57083756388,1,4,1.09981641659482,m2_1
92,-1128.57083756388,2,4,1.60968693104449,m2_1
92,-1128.57083756388,3,4,1.59746006600027,m2_1
93,-1128.57083756388,0,2,0.289755953618566,m2_1
93,-1128.57083756388,1,2,0.814198878350025,m2_1
93,-1128.57083756388,2,2,1.6248692583962,m2_1
93,-1128.57083756388,3,2,1.14638732954499,m2_1
93,-1128.57083756388,0,4,0.18028193994612,m2_1
93,-1128.57083756388,1,4,0.790656773801989,m2_1
93,-1128.57083756388,2,4,1.25844779760739,m2_1
93,-1128.57083756388,3,4,1.04692715209258,m2_1
101,-1065.14158566083,0,2,0.178066246531899,m2_1
101,-1065.14158566083,1,2,0.668834295184475,m2_1
101,-1065.14158566083,2,2,0.962005314382686,m2_1
101,-1065.14158566083,3,2,0.910274600547372,m2_1
101,-1065.14158566083,0,4,0.194718344280409,m2_1
101,-1065.14158566083,1,4,0.455512098980856,m2_1
101,-1065.14158566083,2,4,1.13331102483134,m2_1
101,-1065.14158566083,3,4,0.821470092359328,m2_1
105,-1065.14158566083,0,2,0.28132603155107,m2_1
105,-1065.14158566083,1,2,0.646603196764483,m2_1
105,-1065.14158566083,2,2,0.95701640589761,m2_1
105,-1065.14158566083,3,2,0.925838663889905,m2_1
105,-1065.14158566083,0,4,0.216864234629631,m2_1
105,-1065.14158566083,1,4,0.678995395550114,m2_1
105,-1065.14158566083,2,4,0.813363038328345,m2_1
105,-1065.14158566083,3,4,1.05059622663091,m2_1
107,-1043.99850169314,0,2,0.0607713966296482,m2_1
107,-1043.99850169314,1,2,1.55875810681693,m2_1
107,-1043.99850169314,2,2,0.537861043958823,m2_1
107,-1043.99850169314,3,2,1.10095698259413,m2_1
107,-1043.99850169314,0,4,0.205818618469615,m2_1
107,-1043.99850169314,1,4,1.30956631934241,m2_1
107,-1043.99850169314,2,4,1.29125960015176,m2_1
107,-1043.99850169314,3,4,1.51950602025472,m2_1
110,-1043.99850169314,0,2,0.16865400446371,m2_1
110,-1043.99850169314,1,2,0.764507097741863,m2_1
110,-1043.99850169314,2,2,1.20646958141147,m2_1
110,-1043.99850169314,3,2,1.21667636946139,m2_1
110,-1043.99850169314,0,4,0.123221478602567,m2_1
110,-1043.99850169314,1,4,0.396075400856065,m2_1
110,-1043.99850169314,2,4,1.29504238684848,m2_1
110,-1043.99850169314,3,4,0.929732788016257,m2_1
112,-1022.85541772546,0,2,0.473663325295998,m2_1
112,-1022.85541772546,1,2,0.737554854203808,m2_1
112,-1022.85541772546,2,2,0.753627667442093,m2_1
112,-1022.85541772546,3,2,0.922106755853047,m2_1
112,-1022.85541772546,0,4,0.129711750795791,m2_1
112,-1022.85541772546,1,4,0.401194102911727,m2_1
112,-1022.85541772546,2,4,1.26285221337703,m2_1
112,-1022.85541772546,3,4,1.10039330093667,m2_1
115,-1022.85541772546,0,2,0.0537522878636845,m2_1
115,-1022.85541772546,1,2,0.397370378684076,m2_1
115,-1022.85541772546,2,2,1.58668762076959,m2_1
115,-1022.85541772546,3,2,0.847579969969607,m2_1
115,-1022.85541772546,0,4,0.327972455549052,m2_1
115,-1022.85541772546,1,4,0.43938528728717,m2_1
115,-1022.85541772546,2,4,0.839412167113322,m2_1
115,-1022.85541772546,3,4,1.52170988355816,m2_1
117,-1043.99850169314,0,2,0.155314975640505,m2_1
117,-1043.99850169314,1,2,0.923874914696453,m2_1
117,-1043.99850169314,2,2,0.942393804248205,m2_1
117,-1043.99850169314,3,2,1.28872595660351,m2_1
117,-1043.99850169314,0,4,0.244549333365475,m2_1
117,-1043.99850169314,1,4,1.16012347609749,m2_1
117,-1043.99850169314,2,4,1.11167425822373,m2_1
117,-1043.99850169314,3,4,1.69802490336614,m2_1
118,-1022.85541772546,0,2,0.104393662315617,m2_1
118,-1022.85541772546,1,2,0.489396648203713,m2_1
118,-1022.85541772546,2,2,0.668552384603743,m2_1
118,-1022.85541772546,3,2,0.197729190313847,m2_1
118,-1022.85541772546,0,4,0.1953963722236,m2_1
118,-1022.85541772546,1,4,0.590393820474722,m2_1
118,-1022.85541772546,2,4,0.250852028971497,m2_1
118,-1022.85541772546,3,4,0.396623007929589,m2_1
120,-1043.99850169314,0,2,0.0789753575090759,m2_1
120,-1043.99850169314,1,2,0.923701841818003,m2_1
120,-1043.99850169314,2,2,1.85994957402632,m2_1
120,-1043.99850169314,3,2,1.99286829390017,m2_1
120,-1043.99850169314,0,4,0.066463492310596,m2_1
120,-1043.99850169314,1,4,0.472759803404973,m2_1
120,-1043.99850169314,2,4,1.27016869726546,m2_1
120,-1043.99850169314,3,4,1.77298452337191,m2_1
121,-1043.99850169314,0,2,0.292333091906439,m2_1
121,-1043.99850169314,1,2,0.598776116210572,m2_1
121,-1043.99850169314,2,2,0.737197649220606,m2_1
121,-1043.99850169314,3,2,1.0364330457867,m2_1
121,-1043.99850169314,0,4,0.157839586552155,m2_1
121,-1043.99850169314,1,4,0.69066118825646,m2_1
121,-1043.99850169314,2,4,1.30813340463506,m2_1
121,-1043.99850169314,3,4,1.1149236157331,m2_1
123,-1086.28466962851,0,2,0.289678123879106,m2_1
123,-1086.28466962851,1,2,0.163898987087261,m2_1
123,-1086.28466962851,2,2,0.383517822632444,m2_1
123,-1086.28466962851,3,2,0.609270885612113,m2_1
123,-1086.28466962851,0,4,0.478917134487346,m2_1
123,-1086.28466962851,1,4,0.190313100449112,m2_1
123,-1086.28466962851,2,4,0.32308230919284,m2_1
123,-1086.28466962851,3,4,0.619466831238043,m2_1
125,-980.569249790095,0,2,0.378749735464543,m2_1
125,-980.569249790095,1,2,0.68941467971547,m2_1
125,-980.569249790095,2,2,0.548478568508397,m2_1
125,-980.569249790095,3,2,0.701151939479029,m2_1
125,-980.569249790095,0,4,0.0954879490784347,m2_1
125,-980.569249790095,1,4,0.853291196154985,m2_1
125,-980.569249790095,2,4,0.469491271831619,m2_1
125,-980.569249790095,3,4,0.654132002809489,m2_1
128,-980.569249790095,0,2,0.344121871305124,m2_1
128,-980.569249790095,1,2,0.648118845533282,m2_1
128,-980.569249790095,2,2,0.827057265237058,m2_1
128,-980.569249790095,3,2,0.981499254431344,m2_1
128,-980.569249790095,0,4,0.107368820898395,m2_1
128,-980.569249790095,1,4,0.589745439993681,m2_1
128,-980.569249790095,2,4,1.09601294732726,m2_1
128,-980.569249790095,3,4,1.02363573838314,m2_1
129,-1001.71233375778,0,2,0.0838842380863328,m2_1
129,-1001.71233375778,1,2,0.829698572816965,m2_1
129,-1001.71233375778,2,2,0.585794823387547,m2_1
129,-1001.71233375778,3,2,1.6576868866283,m2_1
129,-1001.71233375778,0,4,0.0723187886680505,m2_1
129,-1001.71233375778,1,4,0.398900646567182,m2_1
129,-1001.71233375778,2,4,0.11634761096903,m2_1
129,-1001.71233375778,3,4,0.553548075764114,m2_1
131,-980.569249790095,0,2,0.210737987476683,m2_1
131,-980.569249790095,1,2,0.975486571539681,m2_1
131,-980.569249790095,2,2,1.07202134295914,m2_1
131,-980.569249790095,3,2,0.874789007632859,m2_1
131,-980.569249790095,0,4,0.153710392727863,m2_1
131,-980.569249790095,1,4,0.598472959643745,m2_1
131,-980.569249790095,2,4,1.18471033408326,m2_1
131,-980.569249790095,3,4,0.864918007296238,m2_1
132,-1001.71233375778,0,2,0.308294552505631,m2_1
132,-1001.71233375778,1,2,1.18589735744647,m2_1
132,-1001.71233375778,2,2,1.29680852653413,m2_1
132,-1001.71233375778,3,2,1.05183924389569,m2_1
132,-1001.71233375778,0,4,0.132939254698062,m2_1
132,-1001.71233375778,1,4,0.727054685620822,m2_1
132,-1001.71233375778,2,4,1.99670588912215,m2_1
132,-1001.71233375778,3,4,0.827515755691166,m2_1
135,-980.569249790095,0,2,0.109803423246897,m2_1
135,-980.569249790095,1,2,0.894882871753295,m2_1
135,-980.569249790095,2,2,1.00110692888263,m2_1
135,-980.569249790095,3,2,1.1838140316857,m2_1
135,-980.569249790095,0,4,0.113036196793014,m2_1
135,-980.569249790095,1,4,0.664175335339191,m2_1
135,-980.569249790095,2,4,0.632170781425264,m2_1
135,-980.569249790095,3,4,1.10434930706395,m2_1
136,-1001.71233375778,0,2,0.253022884393782,m2_1
136,-1001.71233375778,1,2,1.03369800502707,m2_1
136,-1001.71233375778,2,2,0.848200258473267,m2_1
136,-1001.71233375778,3,2,1.03233991887274,m2_1
136,-1001.71233375778,0,4,0.188725502728144,m2_1
136,-1001.71233375778,1,4,0.781840466183209,m2_1
136,-1001.71233375778,2,4,1.38869715372852,m2_1
136,-1001.71233375778,3,4,0.752261318902815,m2_1
137,-980.569249790095,0,2,0.194572551166427,m2_1
137,-980.569249790095,1,2,0.505407648583903,m2_1
137,-980.569249790095,2,2,1.27990844398863,m2_1
137,-980.569249790095,3,2,1.28318376574136,m2_1
137,-980.569249790095,0,4,0.115721774125503,m2_1
137,-980.569249790095,1,4,0.574675312216037,m2_1
137,-980.569249790095,2,4,0.787867822291629,m2_1
137,-980.569249790095,3,4,1.38559259212722,m2_1
140,-959.426165822412,0,2,0.181646751989072,m2_1
140,-959.426165822412,1,2,1.18056763485074,m2_1
140,-959.426165822412,2,2,1.77850562100113,m2_1
140,-959.426165822412,3,2,1.63707100514342,m2_1
140,-959.426165822412,0,4,0.0829984682691953,m2_1
140,-959.426165822412,1,4,1.15389066066303,m2_1
140,-959.426165822412,2,4,1.21409681298714,m2_1
140,-959.426165822412,3,4,1.36926353077319,m2_1
141,-938.28308185473,0,2,0.14165634387031,m2_1
141,-938.28308185473,1,2,1.50644796148788,m2_1
141,-938.28308185473,2,2,2.20963948368122,m2_1
141,-938.28308185473,3,2,0.768238680078213,m2_1
141,-938.28308185473,0,4,0.210923329804008,m2_1
141,-938.28308185473,1,4,0.321062341354532,m2_1
141,-938.28308185473,2,4,0.334726612685581,m2_1
141,-938.28308185473,3,4,1.45243914095996,m2_1
143,-959.426165822412,0,2,0.106039426445642,m2_1
143,-959.426165822412,1,2,0.449753675134218,m2_1
143,-959.426165822412,2,2,0.613748532859402,m2_1
143,-959.426165822412,3,2,0.822097090619183,m2_1
143,-959.426165822412,0,4,0.105685059896997,m2_1
143,-959.426165822412,1,4,0.354838087616347,m2_1
143,-959.426165822412,2,4,0.481937070102304,m2_1
143,-959.426165822412,3,4,1.09193642229725,m2_1
144,-959.426165822412,0,2,0.144159062636549,m2_1
144,-959.426165822412,1,2,0.705220940209802,m2_1
144,-959.426165822412,2,2,0.811549157181438,m2_1
144,-959.426165822412,3,2,0.893423926005971,m2_1
144,-959.426165822412,0,4,0.204755334093098,m2_1
144,-959.426165822412,1,4,0.30963711821699,m2_1
144,-959.426165822412,2,4,0.885137894100952,m2_1
144,-959.426165822412,3,4,1.05640333258928,m2_1
145,-959.426165822412,0,2,0.14216641870733,m2_1
145,-959.426165822412,1,2,0.744129370889231,m2_1
145,-959.426165822412,2,2,0.783507786252458,m2_1
145,-959.426165822412,3,2,1.10779457873263,m2_1
145,-959.426165822412,0,4,0.114990676606297,m2_1
145,-959.426165822412,1,4,0.389097187236396,m2_1
145,-959.426165822412,2,4,0.768026707864678,m2_1
145,-959.426165822412,3,4,0.804631603295398,m2_1
149,-959.426165822412,0,2,0.192273104688793,m2_1
149,-959.426165822412,1,2,0.243013289049618,m2_1
149,-959.426165822412,2,2,0.491382217666962,m2_1
149,-959.426165822412,3,2,0.695305337836698,m2_1
149,-959.426165822412,0,4,0.246170988998414,m2_1
149,-959.426165822412,1,4,0.262911660571269,m2_1
149,-959.426165822412,2,4,0.343528584853791,m2_1
149,-959.426165822412,3,4,0.791712610202428,m2_1
150,-917.139997887047,0,2,0.115803627259216,m2_1
150,-917.139997887047,1,2,0.629616401742072,m2_1
150,-917.139997887047,2,2,0.88781248394014,m2_1
150,-917.139997887047,3,2,1.05741052962171,m2_1
150,-917.139997887047,0,4,0.113084351362587,m2_1
150,-917.139997887047,1,4,0.542991316948118,m2_1
150,-917.139997887047,2,4,0.916874344507656,m2_1
150,-917.139997887047,3,4,0.855274020954247,m2_1
151,-917.139997887047,0,2,0.133501614008772,m2_1
151,-917.139997887047,1,2,0.629389188492215,m2_1
151,-917.139997887047,2,2,0.855261555043868,m2_1
151,-917.139997887047,3,2,0.890683420795606,m2_1
151,-917.139997887047,0,4,0.112562664668794,m2_1
151,-917.139997887047,1,4,0.556969644088952,m2_1
151,-917.139997887047,2,4,1.09957411441478,m2_1
151,-917.139997887047,3,4,1.13990943636746,m2_1
152,-895.996913919364,0,2,0.260148409908789,m2_1
152,-895.996913919364,1,2,0.341696389660702,m2_1
152,-895.996913919364,2,2,0.500719798788622,m2_1
152,-895.996913919364,3,2,0.565263816695183,m2_1
152,-895.996913919364,0,4,0.486647414234047,m2_1
152,-895.996913919364,1,4,0.511549359650311,m2_1
152,-895.996913919364,2,4,0.694397622191834,m2_1
152,-895.996913919364,3,4,0.931744157974271,m2_1
153,-917.139997887047,0,2,0.196809432610758,m2_1
153,-917.139997887047,1,2,2.26931015232314,m2_1
153,-917.139997887047,2,2,1.91125599166821,m2_1
153,-917.139997887047,3,2,2.27575695250652,m2_1
153,-917.139997887047,0,4,0.138947618935312,m2_1
153,-917.139997887047,1,4,1.39207827293805,m2_1
153,-917.139997887047,2,4,2.50268030377982,m2_1
153,-917.139997887047,3,4,2.53291003119781,m2_1
154,-917.139997887047,0,2,0.366785204869567,m2_1
154,-917.139997887047,1,2,1.17573379669137,m2_1
154,-917.139997887047,2,2,1.81063306927077,m2_1
154,-917.139997887047,3,2,1.38140363117034,m2_1
154,-917.139997887047,0,4,0.260898693762089,m2_1
154,-917.139997887047,1,4,1.07405640742598,m2_1
154,-917.139997887047,2,4,1.06515643162793,m2_1
154,-917.139997887047,3,4,1.19374901979257,m2_1
155,-917.139997887047,0,2,0.0476835884169471,m2_1
155,-917.139997887047,1,2,1.04694600583119,m2_1
155,-917.139997887047,2,2,3.51273102681176,m2_1
155,-917.139997887047,3,2,1.06330101597885,m2_1
155,-917.139997887047,0,4,0.114331336693013,m2_1
155,-917.139997887047,1,4,0.872824508522039,m2_1
155,-917.139997887047,2,4,1.49923391449781,m2_1
155,-917.139997887047,3,4,2.40691224754192,m2_1
157,-917.139997887047,0,2,0.125193597656381,m2_1
157,-917.139997887047,1,2,0.434362351318058,m2_1
157,-917.139997887047,2,2,1.74945913677247,m2_1
157,-917.139997887047,3,2,0.831066082866032,m2_1
157,-917.139997887047,0,4,0.0560812637869146,m2_1
157,-917.139997887047,1,4,0.468988945624719,m2_1
157,-917.139997887047,2,4,1.16261458921025,m2_1
157,-917.139997887047,3,4,1.26656028096155,m2_1
158,-917.139997887047,0,2,0.359692262914512,m2_1
158,-917.139997887047,1,2,0.767879260894568,m2_1
158,-917.139997887047,2,2,1.06265748504796,m2_1
158,-917.139997887047,3,2,0.997388393577451,m2_1
158,-917.139997887047,0,4,0.386840419252183,m2_1
158,-917.139997887047,1,4,0.79852996602383,m2_1
158,-917.139997887047,2,4,1.12454570690599,m2_1
158,-917.139997887047,3,4,1.18157979442051,m2_1
159,-895.996913919364,0,2,0.149046160799021,m2_1
159,-895.996913919364,1,2,0.770576731702651,m2_1
159,-895.996913919364,2,2,1.15957043021871,m2_1
159,-895.996913919364,3,2,1.08942650275441,m2_1
159,-895.996913919364,0,4,0.111246295102675,m2_1
159,-895.996913919364,1,4,0.757908302623952,m2_1
159,-895.996913919364,2,4,1.11524050554722,m2_1
159,-895.996913919364,3,4,1.19536289138971,m2_1
162,-874.853829951681,0,2,0.181439521480108,m2_1
162,-874.853829951681,1,2,1.02814544712955,m2_1
162,-874.853829951681,2,2,1.74743957150901,m2_1
162,-874.853829951681,3,2,1.22265744957227,m2_1
162,-874.853829951681,0,4,0.405674311994858,m2_1
162,-874.853829951681,1,4,0.742349977230838,m2_1
162,-874.853829951681,2,4,1.63417237575547,m2_1
162,-874.853829951681,3,4,1.26972642008157,m2_1
163,-874.853829951681,0,2,0.139214324844475,m2_1
163,-874.853829951681,1,2,2.46941335724299,m2_1
163,-874.853829951681,2,2,1.25593030589868,m2_1
163,-874.853829951681,3,2,1.41243939075999,m2_1
163,-874.853829951681,0,4,0.0449367516752973,m2_1
163,-874.853829951681,1,4,1.07579176674939,m2_1
163,-874.853829951681,2,4,2.56284808613629,m2_1
163,-874.853829951681,3,4,3.48030318958664,m2_1
164,-874.853829951681,0,2,0.128732571611301,m2_1
164,-874.853829951681,1,2,0.80903181787867,m2_1
164,-874.853829951681,2,2,1.08971434001302,m2_1
164,-874.853829951681,3,2,0.919273911700376,m2_1
164,-874.853829951681,0,4,0.130981359901966,m2_1
164,-874.853829951681,1,4,0.733802754367268,m2_1
164,-874.853829951681,2,4,1.16850854106249,m2_1
164,-874.853829951681,3,4,0.604933968196251,m2_1
166,-853.710745983998,0,2,0.223336903234466,m2_1
166,-853.710745983998,1,2,0.468429101430221,m2_1
166,-853.710745983998,2,2,1.53558038801853,m2_1
166,-853.710745983998,3,2,1.1783430997529,m2_1
166,-853.710745983998,0,4,0.0491114441256315,m2_1
166,-853.710745983998,1,4,0.579857534323413,m2_1
166,-853.710745983998,2,4,0.947717369227519,m2_1
166,-853.710745983998,3,4,1.79146008700225,m2_1
167,-874.853829951681,0,2,0.159868209695702,m2_1
167,-874.853829951681,1,2,0.227313767847528,m2_1
167,-874.853829951681,2,2,0.571538227537544,m2_1
167,-874.853829951681,3,2,1.70508739556929,m2_1
167,-874.853829951681,0,4,0.128268675341729,m2_1
167,-874.853829951681,1,4,0.362704420144684,m2_1
167,-874.853829951681,2,4,0.244272820932147,m2_1
167,-874.853829951681,3,4,0.827402476204604,m2_1
168,-874.853829951681,0,2,0.103436680083154,m2_1
168,-874.853829951681,1,2,0.476143812832374,m2_1
168,-874.853829951681,2,2,1.42948205480234,m2_1
168,-874.853829951681,3,2,1.28972680084772,m2_1
168,-874.853829951681,0,4,0.0990249155848604,m2_1
168,-874.853829951681,1,4,0.660063598955034,m2_1
168,-874.853829951681,2,4,0.943350631848019,m2_1
168,-874.853829951681,3,4,1.10762653302775,m2_1
169,-853.710745983998,0,2,0.119423895990865,m2_1
169,-853.710745983998,1,2,0.700375420034887,m2_1
169,-853.710745983998,2,2,1.45828514226199,m2_1
169,-853.710745983998,3,2,1.4508717087322,m2_1
169,-853.710745983998,0,4,0.144421963380278,m2_1
169,-853.710745983998,1,4,0.94367107328941,m2_1
169,-853.710745983998,2,4,1.41146067779294,m2_1
169,-853.710745983998,3,4,1.06545927081906,m2_1
170,-853.710745983998,0,2,0.265738084408048,m2_1
170,-853.710745983998,1,2,0.634359200262852,m2_1
170,-853.710745983998,2,2,1.10042565525395,m2_1
170,-853.710745983998,3,2,0.956044774689286,m2_1
170,-853.710745983998,0,4,0.374442746300587,m2_1
170,-853.710745983998,1,4,0.747411762577937,m2_1
170,-853.710745983998,2,4,1.10938349863927,m2_1
170,-853.710745983998,3,4,1.03583896319266,m2_1
171,-874.853829951681,0,2,0.241683740682757,m2_1
171,-874.853829951681,1,2,0.869219095659299,m2_1
171,-874.853829951681,2,2,0.797750486903107,m2_1
171,-874.853829951681,3,2,0.8011370102555,m2_1
171,-874.853829951681,0,4,0.361238324238499,m2_1
171,-874.853829951681,1,4,0.759582916173461,m2_1
171,-874.853829951681,2,4,0.963771223559186,m2_1
171,-874.853829951681,3,4,0.893381665460671,m2_1
172,-832.567662016315,0,2,0.0863403696958035,m2_1
172,-832.567662016315,1,2,0.55526641028695,m2_1
172,-832.567662016315,2,2,0.821338014649622,m2_1
172,-832.567662016315,3,2,0.84487317050571,m2_1
172,-832.567662016315,0,4,0.101350921288874,m2_1
172,-832.567662016315,1,4,0.422628323378358,m2_1
172,-832.567662016315,2,4,0.602631080578855,m2_1
172,-832.567662016315,3,4,0.923723782068609,m2_1
174,-832.567662016315,0,2,0.205308489332241,m2_1
174,-832.567662016315,1,2,0.0838683630044767,m2_1
174,-832.567662016315,2,2,0.231958197140741,m2_1
174,-832.567662016315,3,2,0.740693708811297,m2_1
174,-832.567662016315,0,4,0.0831873545911788,m2_1
174,-832.567662016315,1,4,0.11872176726851,m2_1
174,-832.567662016315,2,4,0.239940842013005,m2_1
174,-832.567662016315,3,4,0.377055180403124,m2_1
177,-832.567662016315,0,2,0.163372492244081,m2_1
177,-832.567662016315,1,2,0.517198557025098,m2_1
177,-832.567662016315,2,2,0.992249926923228,m2_1
177,-832.567662016315,3,2,0.885061938346038,m2_1
177,-832.567662016315,0,4,0.109145937328866,m2_1
177,-832.567662016315,1,4,0.35860627084496,m2_1
177,-832.567662016315,2,4,0.732753534733841,m2_1
177,-832.567662016315,3,4,0.959624554892546,m2_1
178,-811.424578048632,0,2,0.115332266193024,m2_1
178,-811.424578048632,1,2,0.514333579743666,m2_1
178,-811.424578048632,2,2,0.831207162043366,m2_1
178,-811.424578048632,3,2,1.21092748077481,m2_1
178,-811.424578048632,0,4,0.0621491659730983,m2_1
178,-811.424578048632,1,4,0.275767518510477,m2_1
178,-811.424578048632,2,4,0.746376237087765,m2_1
178,-811.424578048632,3,4,1.1063447453461,m2_1
182,-832.567662016315,0,2,0.116142070070933,m2_1
182,-832.567662016315,1,2,0.540026027228971,m2_1
182,-832.567662016315,2,2,0.898019662169296,m2_1
182,-832.567662016315,3,2,0.976706253683086,m2_1
182,-832.567662016315,0,4,0.0837199296679305,m2_1
182,-832.567662016315,1,4,0.34612507072987,m2_1
182,-832.567662016315,2,4,0.682859685441946,m2_1
182,-832.567662016315,3,4,0.981065950863079,m2_1
183,-811.424578048632,0,2,0.114038361837461,m2_1
183,-811.424578048632,1,2,0.547590081087114,m2_1
183,-811.424578048632,2,2,0.88770877758396,m2_1
183,-811.424578048632,3,2,0.768123645371658,m2_1
183,-811.424578048632,0,4,0.147384920575032,m2_1
183,-811.424578048632,1,4,0.448713887343439,m2_1
183,-811.424578048632,2,4,0.779580981557564,m2_1
183,-811.424578048632,3,4,0.682750616219957,m2_1
188,-769.138410113266,0,2,0.148010378854488,m2_1
188,-769.138410113266,1,2,1.01196507048481,m2_1
188,-769.138410113266,2,2,1.54137559178469,m2_1
188,-769.138410113266,3,2,1.47116730503493,m2_1
188,-769.138410113266,0,4,0.180255305134534,m2_1
188,-769.138410113266,1,4,1.65302627379524,m2_1
188,-769.138410113266,2,4,1.80108615443089,m2_1
188,-769.138410113266,3,4,2.51635825426859,m2_1
189,-790.281494080949,0,2,0.26752451089779,m2_1
189,-790.281494080949,1,2,0.350449896484002,m2_1
189,-790.281494080949,2,2,0.958336001969877,m2_1
189,-790.281494080949,3,2,0.582825190630359,m2_1
189,-790.281494080949,0,4,0.303745645640048,m2_1
189,-790.281494080949,1,4,0.709761195268269,m2_1
189,-790.281494080949,2,4,0.302390615028573,m2_1
189,-790.281494080949,3,4,1.0199260816729,m2_1
190,-790.281494080949,0,2,0.298564914021809,m2_1
190,-790.281494080949,1,2,0.277049138374389,m2_1
190,-790.281494080949,2,2,0.996652724440456,m2_1
190,-790.281494080949,3,2,0.822495235727235,m2_1
190,-790.281494080949,0,4,0.20833012883938,m2_1
190,-790.281494080949,1,4,0.817022821778602,m2_1
190,-790.281494080949,2,4,0.740169863697057,m2_1
190,-790.281494080949,3,4,1.20300401205192,m2_1
192,-769.138410113266,0,2,0.226709359764333,m2_1
192,-769.138410113266,1,2,1.08056754024346,m2_1
192,-769.138410113266,2,2,1.21719151300811,m2_1
192,-769.138410113266,3,2,1.43741836599602,m2_1
192,-769.138410113266,0,4,0.103286149213687,m2_1
192,-769.138410113266,1,4,1.60304732792682,m2_1
192,-769.138410113266,2,4,1.11231189303612,m2_1
192,-769.138410113266,3,4,1.04258230452887,m2_1
193,-811.424578048632,0,2,0.0431441114136918,m2_1
193,-811.424578048632,1,2,0.159276010264085,m2_1
193,-811.424578048632,2,2,0.45783465528985,m2_1
193,-811.424578048632,3,2,0.377501666745061,m2_1
193,-811.424578048632,0,4,0.0635446001428598,m2_1
193,-811.424578048632,1,4,0.129358490035249,m2_1
193,-811.424578048632,2,4,0.531900225460432,m2_1
193,-811.424578048632,3,4,0.534933739282645,m2_1
194,-790.281494080949,0,2,0.256352086353724,m2_1
194,-790.281494080949,1,2,0.232644228754981,m2_1
194,-790.281494080949,2,2,0.410980556182517,m2_1
194,-790.281494080949,3,2,0.501619128830587,m2_1
194,-790.281494080949,0,4,0.554489160541172,m2_1
194,-790.281494080949,1,4,0.279225607071652,m2_1
194,-790.281494080949,2,4,0.366622005284487,m2_1
194,-790.281494080949,3,4,0.508784280758407,m2_1
195,-769.138410113266,0,2,0.135225233656375,m2_1
195,-769.138410113266,1,2,1.10537348156658,m2_1
195,-769.138410113266,2,2,1.46180857243605,m2_1
195,-769.138410113266,3,2,0.481348926006216,m2_1
195,-769.138410113266,0,4,0.15608433395081,m2_1
195,-769.138410113266,1,4,0.87830829167404,m2_1
195,-769.138410113266,2,4,1.86915852056293,m2_1
195,-769.138410113266,3,4,0.88549815266603,m2_1
196,-790.281494080949,0,2,0.206484671838233,m2_1
196,-790.281494080949,1,2,0.757456769880533,m2_1
196,-790.281494080949,2,2,0.708267817020645,m2_1
196,-790.281494080949,3,2,0.923060042522269,m2_1
196,-790.281494080949,0,4,0.255496162125907,m2_1
196,-790.281494080949,1,4,0.447522897376911,m2_1
196,-790.281494080949,2,4,0.989692570824633,m2_1
196,-790.281494080949,3,4,0.982620863293659,m2_1
197,-811.424578048632,0,2,0.178256244811807,m2_1
197,-811.424578048632,1,2,0.324193509836118,m2_1
197,-811.424578048632,2,2,0.589666671721858,m2_1
197,-811.424578048632,3,2,0.994742482968219,m2_1
197,-811.424578048632,0,4,0.0470709425543883,m2_1
197,-811.424578048632,1,4,0.421098870885283,m2_1
197,-811.424578048632,2,4,0.310050003650407,m2_1
197,-811.424578048632,3,4,0.831712014363025,m2_1
200,-790.281494080949,0,2,0.261030993461626,m2_1
200,-790.281494080949,1,2,0.606557567517597,m2_1
200,-790.281494080949,2,2,0.798851053981221,m2_1
200,-790.281494080949,3,2,0.763200232004273,m2_1
200,-790.281494080949,0,4,0.316475497781111,m2_1
200,-790.281494080949,1,4,0.549669296624355,m2_1
200,-790.281494080949,2,4,0.759232785739264,m2_1
200,-790.281494080949,3,4,0.865082542111473,m2_1
201,-769.138410113266,0,2,0.122396401895182,m2_1
201,-769.138410113266,1,2,0.582364425661265,m2_1
201,-769.138410113266,2,2,0.921294143722381,m2_1
201,-769.138410113266,3,2,0.827999719698733,m2_1
201,-769.138410113266,0,4,0.115935555420753,m2_1
201,-769.138410113266,1,4,0.572863691020005,m2_1
201,-769.138410113266,2,4,0.698762331567819,m2_1
201,-769.138410113266,3,4,0.82918686530226,m2_1
205,-726.8522421779,0,2,0.110483816030048,m2_1
205,-726.8522421779,1,2,0.599242367332483,m2_1
205,-726.8522421779,2,2,1.22278021944587,m2_1
205,-726.8522421779,3,2,0.7390058829422,m2_1
205,-726.8522421779,0,4,0.149055602428697,m2_1
205,-726.8522421779,1,4,0.789547632036461,m2_1
205,-726.8522421779,2,4,1.1762318769303,m2_1
205,-726.8522421779,3,4,1.15286231062748,m2_1
208,-726.8522421779,0,2,0.0149629062254385,m2_1
208,-726.8522421779,1,2,0.650739270461291,m2_1
208,-726.8522421779,2,2,1.08560945853575,m2_1
208,-726.8522421779,3,2,0.252889102903722,m2_1
208,-726.8522421779,0,4,0.0413983820810578,m2_1
208,-726.8522421779,1,4,0.915793871830704,m2_1
208,-726.8522421779,2,4,0.255426747113326,m2_1
208,-726.8522421779,3,4,0.312485301649015,m2_1
209,-747.995326145583,0,2,0.155564251879823,m2_1
209,-747.995326145583,1,2,0.811927531831483,m2_1
209,-747.995326145583,2,2,1.16989423792463,m2_1
209,-747.995326145583,3,2,2.13691581451207,m2_1
209,-747.995326145583,0,4,0.151520243808392,m2_1
209,-747.995326145583,1,4,0.587971195914559,m2_1
209,-747.995326145583,2,4,1.77639466275063,m2_1
209,-747.995326145583,3,4,1.2040332491607,m2_1
210,-726.8522421779,0,2,0.126138638991554,m2_1
210,-726.8522421779,1,2,0.199975298812924,m2_1
210,-726.8522421779,2,2,0.622481327533811,m2_1
210,-726.8522421779,3,2,0.810376994179914,m2_1
210,-726.8522421779,0,4,0.0898732119853953,m2_1
210,-726.8522421779,1,4,0.197595888793309,m2_1
210,-726.8522421779,2,4,0.569676238981572,m2_1
210,-726.8522421779,3,4,0.444423204575103,m2_1
211,-747.995326145583,0,2,0.143119798351564,m2_1
211,-747.995326145583,1,2,0.591396924154089,m2_1
211,-747.995326145583,2,2,0.822995273147041,m2_1
211,-747.995326145583,3,2,0.960088179771061,m2_1
211,-747.995326145583,0,4,0.150713378799894,m2_1
211,-747.995326145583,1,4,0.437073694469309,m2_1
211,-747.995326145583,2,4,0.639181287159523,m2_1
211,-747.995326145583,3,4,0.777158705491905,m2_1
212,-726.8522421779,0,2,0.187673163257955,m2_1
212,-726.8522421779,1,2,0.703961285856104,m2_1
212,-726.8522421779,2,2,0.899128950247675,m2_1
212,-726.8522421779,3,2,0.886405254390418,m2_1
212,-726.8522421779,0,4,0.423633062292717,m2_1
212,-726.8522421779,1,4,0.491000852760073,m2_1
212,-726.8522421779,2,4,1.1716864945745,m2_1
212,-726.8522421779,3,4,0.902463462185893,m2_1
215,-684.566074242534,0,2,0.0656725953043406,m2_1
215,-684.566074242534,1,2,0.136560549529568,m2_1
215,-684.566074242534,2,2,0.514828436847722,m2_1
215,-684.566074242534,3,2,0.681944795842513,m2_1
215,-684.566074242534,0,4,0.0161579301079402,m2_1
215,-684.566074242534,1,4,0.209400085130009,m2_1
215,-684.566074242534,2,4,0.330818954314384,m2_1
215,-684.566074242534,3,4,0.46201223203927,m2_1
217,-684.566074242534,0,2,0.104206900242647,m2_1
217,-684.566074242534,1,2,0.14731434040618,m2_1
217,-684.566074242534,2,2,0.985206010436934,m2_1
217,-684.566074242534,3,2,0.627694235192798,m2_1
217,-684.566074242534,0,4,0.241397616585546,m2_1
217,-684.566074242534,1,4,0.375299678675421,m2_1
217,-684.566074242534,2,4,0.658067112848811,m2_1
217,-684.566074242534,3,4,0.614142281163897,m2_1
218,-684.566074242534,0,2,0.0979163708553547,m2_1
218,-684.566074242534,1,2,0.562512653812998,m2_1
218,-684.566074242534,2,2,0.926561252139931,m2_1
218,-684.566074242534,3,2,0.854027919411599,m2_1
218,-684.566074242534,0,4,0.0786188813116573,m2_1
218,-684.566074242534,1,4,0.514954608836593,m2_1
218,-684.566074242534,2,4,1.05667745843807,m2_1
218,-684.566074242534,3,4,1.14038478882351,m2_1
219,-684.566074242534,0,2,0.173849782502888,m2_1
219,-684.566074242534,1,2,0.263470697333272,m2_1
219,-684.566074242534,2,2,0.738835365436262,m2_1
219,-684.566074242534,3,2,0.940741811426279,m2_1
219,-684.566074242534,0,4,0.202555319314057,m2_1
219,-684.566074242534,1,4,0.608496784338347,m2_1
219,-684.566074242534,2,4,0.416115424791561,m2_1
219,-684.566074242534,3,4,0.694953848336528,m2_1
223,-684.566074242534,0,2,0.0748543006627706,m2_1
223,-684.566074242534,1,2,0.601337991441526,m2_1
223,-684.566074242534,2,2,0.698387948914909,m2_1
223,-684.566074242534,3,2,1.56037594771653,m2_1
223,-684.566074242534,0,4,0.00783381612004911,m2_1
223,-684.566074242534,1,4,0.544057291185274,m2_1
223,-684.566074242534,2,4,0.880834753155315,m2_1
223,-684.566074242534,3,4,0.596379963311751,m2_1
226,-663.422990274851,0,2,0.117532920591605,m2_1
226,-663.422990274851,1,2,0.298426534238697,m2_1
226,-663.422990274851,2,2,0.476842119734342,m2_1
226,-663.422990274851,3,2,0.956364023780848,m2_1
226,-663.422990274851,0,4,0.136451476721744,m2_1
226,-663.422990274851,1,4,0.180737862318599,m2_1
226,-663.422990274851,2,4,0.370466672089273,m2_1
226,-663.422990274851,3,4,0.423954775240169,m2_1
227,-642.279906307168,0,2,0.0296929622194527,m2_1
227,-642.279906307168,1,2,0.852948182799701,m2_1
227,-642.279906307168,2,2,1.06259714768042,m2_1
227,-642.279906307168,3,2,1.50177478354099,m2_1
227,-642.279906307168,0,4,0.102573847000919,m2_1
227,-642.279906307168,1,4,0.425496848254918,m2_1
227,-642.279906307168,2,4,0.426581253586068,m2_1
227,-642.279906307168,3,4,0.718768650063863,m2_1
230,-642.279906307168,0,2,0.353003411980743,m2_1
230,-642.279906307168,1,2,0.319106553966212,m2_1
230,-642.279906307168,2,2,0.732572168131146,m2_1
230,-642.279906307168,3,2,1.01166022731957,m2_1
230,-642.279906307168,0,4,0.423238813096598,m2_1
230,-642.279906307168,1,4,0.351318311077093,m2_1
230,-642.279906307168,2,4,0.550469639553371,m2_1
230,-642.279906307168,3,4,0.853285314503393,m2_1
231,-663.422990274851,0,2,0.146848954776421,m2_1
231,-663.422990274851,1,2,0.372735214102876,m2_1
231,-663.422990274851,2,2,0.722982436196717,m2_1
231,-663.422990274851,3,2,0.937235405797714,m2_1
231,-663.422990274851,0,4,0.193467724811939,m2_1
231,-663.422990274851,1,4,0.251863228493684,m2_1
231,-663.422990274851,2,4,0.614249828705255,m2_1
231,-663.422990274851,3,4,0.674624489042284,m2_1
232,-621.136822339485,0,2,0.0819574511124513,m2_1
232,-621.136822339485,1,2,0.348530574997591,m2_1
232,-621.136822339485,2,2,0.826960749758989,m2_1
232,-621.136822339485,3,2,1.19734410349065,m2_1
232,-621.136822339485,0,4,0.0689106315689122,m2_1
232,-621.136822339485,1,4,0.281689133453305,m2_1
232,-621.136822339485,2,4,1.04230947793294,m2_1
232,-621.136822339485,3,4,0.376853317189362,m2_1
233,-599.993738371803,0,2,0.254675300593254,m2_1
233,-599.993738371803,1,2,0.163129340426642,m2_1
233,-599.993738371803,2,2,0.204895194998517,m2_1
233,-599.993738371803,3,2,0.851904516335669,m2_1
233,-599.993738371803,0,4,0.430609137955877,m2_1
233,-599.993738371803,1,4,0.2953940253839,m2_1
233,-599.993738371803,2,4,0.538904006067467,m2_1
233,-599.993738371803,3,4,0.985661764165815,m2_1
238,-621.136822339485,0,2,0.128975042544814,m2_1
238,-621.136822339485,1,2,0.77573055039766,m2_1
238,-621.136822339485,2,2,1.04353841464702,m2_1
238,-621.136822339485,3,2,1.58520341161339,m2_1
238,-621.136822339485,0,4,0.187403107783637,m2_1
238,-621.136822339485,1,4,0.632086293046652,m2_1
238,-621.136822339485,2,4,1.23803653113572,m2_1
238,-621.136822339485,3,4,0.177890767063281,m2_1
241,-599.993738371803,0,2,0.0575059433379306,m2_1
241,-599.993738371803,1,2,0.0880858992091114,m2_1
241,-599.993738371803,2,2,0.906965275393863,m2_1
241,-599.993738371803,3,2,0.714019722825865,m2_1
241,-599.993738371803,0,4,0.0708731631090048,m2_1
241,-599.993738371803,1,4,0.379030854556436,m2_1
241,-599.993738371803,2,4,0.557985704858537,m2_1
241,-599.993738371803,3,4,0.656712547142919,m2_1
243,-621.136822339485,0,2,0.639567899148429,m2_1
243,-621.136822339485,1,2,0.414692373294389,m2_1
243,-621.136822339485,2,2,0.830585061008561,m2_1
243,-621.136822339485,3,2,0.947330359825348,m2_1
243,-621.136822339485,0,4,0.969440509446889,m2_1
243,-621.136822339485,1,4,0.302924880759569,m2_1
243,-621.136822339485,2,4,0.526499719347023,m2_1
243,-621.136822339485,3,4,0.841654440014304,m2_1
255,-557.707570436437,0,2,0.132519115135876,m2_1
255,-557.707570436437,1,2,0.391442227203823,m2_1
255,-557.707570436437,2,2,1.06975283037017,m2_1
255,-557.707570436437,3,2,0.646933043892738,m2_1
255,-557.707570436437,0,4,0.133513564178861,m2_1
255,-557.707570436437,1,4,0.356949589358789,m2_1
255,-557.707570436437,2,4,0.863164407486967,m2_1
255,-557.707570436437,3,4,0.924295867215675,m2_1
273,-473.135234565705,0,2,0.193067810657909,m2_1
273,-473.135234565705,1,2,0.702812584770589,m2_1
273,-473.135234565705,2,2,1.13589829636833,m2_1
273,-473.135234565705,3,2,0.915163255550282,m2_1
273,-473.135234565705,0,4,0.351943619641972,m2_1
273,-473.135234565705,1,4,0.612424361510385,m2_1
273,-473.135234565705,2,4,1.09989548145331,m2_1
273,-473.135234565705,3,4,1.08154087593973,m2_1
274,-494.278318533388,0,2,0.206850836509517,m2_1
274,-494.278318533388,1,2,0.499752236460901,m2_1
274,-494.278318533388,2,2,0.662787443287802,m2_1
274,-494.278318533388,3,2,0.912679039087735,m2_1
274,-494.278318533388,0,4,0.330686211726827,m2_1
274,-494.278318533388,1,4,0.263745685589437,m2_1
274,-494.278318533388,2,4,0.601951474380677,m2_1
274,-494.278318533388,3,4,0.837568978097545,m2_1
275,-473.135234565705,0,2,0.234404257186905,m2_1
275,-473.135234565705,1,2,0.358625093340224,m2_1
275,-473.135234565705,2,2,0.751088924123912,m2_1
275,-473.135234565705,3,2,0.821121755547172,m2_1
275,-473.135234565705,0,4,0.250247333077001,m2_1
275,-473.135234565705,1,4,0.253956332401949,m2_1
275,-473.135234565705,2,4,0.448368434268524,m2_1
275,-473.135234565705,3,4,0.858232776039349,m2_1
279,-430.849066630339,0,2,0.258165597977866,m2_1
279,-430.849066630339,1,2,0.355002924680134,m2_1
279,-430.849066630339,2,2,1.17055303304992,m2_1
279,-430.849066630339,3,2,1.58825753356036,m2_1
279,-430.849066630339,0,4,0.153114548448712,m2_1
279,-430.849066630339,1,4,0.478919916296731,m2_1
279,-430.849066630339,2,4,0.790643587797115,m2_1
279,-430.849066630339,3,4,1.63965121411232,m2_1
281,-430.849066630339,0,2,0.273400318616019,m2_1
281,-430.849066630339,1,2,0.626065900302474,m2_1
281,-430.849066630339,2,2,1.28815294077409,m2_1
281,-430.849066630339,3,2,1.26896581037633,m2_1
281,-430.849066630339,0,4,0.087781189959759,m2_1
281,-430.849066630339,1,4,0.149510927593766,m2_1
281,-430.849066630339,2,4,0.479124850487311,m2_1
281,-430.849066630339,3,4,1.06505908140138,m2_1
287,-388.562898694973,0,2,0.444751293224003,m2_1
287,-388.562898694973,1,2,0.847936579949486,m2_1
287,-388.562898694973,2,2,1.44309162692923,m2_1
287,-388.562898694973,3,2,1.48800315743772,m2_1
287,-388.562898694973,0,4,0.675105150147781,m2_1
287,-388.562898694973,1,4,0.56015869697901,m2_1
287,-388.562898694973,2,4,1.25614524331284,m2_1
287,-388.562898694973,3,4,2.21999363848486,m2_1
295,-367.41981472729,0,2,0.191257100128618,m2_1
295,-367.41981472729,1,2,0.147678244062489,m2_1
295,-367.41981472729,2,2,1.19951336791481,m2_1
295,-367.41981472729,3,2,0.964410512552316,m2_1
295,-367.41981472729,0,4,0.257043041797954,m2_1
295,-367.41981472729,1,4,0.262081264938376,m2_1
295,-367.41981472729,2,4,0.402780916702049,m2_1
295,-367.41981472729,3,4,1.25323792923391,m2_1
304,-430.849066630339,0,2,0.421934148691286,m2_1
304,-430.849066630339,1,2,0.277990194103525,m2_1
304,-430.849066630339,2,2,0.953957135193143,m2_1
304,-430.849066630339,3,2,0.410479059787678,m2_1
304,-430.849066630339,0,4,0.122244498195963,m2_1
304,-430.849066630339,1,4,0.549684194459352,m2_1
304,-430.849066630339,2,4,0.92929017470176,m2_1
304,-430.849066630339,3,4,1.17342628638857,m2_1
9,-1529.81958663946,0,2,0.139057223858007,m2_1
9,-1529.81958663946,1,2,1.12281361758821,m2_1
9,-1529.81958663946,2,2,1.7397456029639,m2_1
9,-1529.81958663946,3,2,1.03428119788937,m2_1
9,-1529.81958663946,0,4,0.197960026233799,m2_1
9,-1529.81958663946,1,4,1.55752418300388,m2_1
9,-1529.81958663946,2,4,1.34104562470862,m2_1
9,-1529.81958663946,3,4,1.66925190228583,m2_1
10,-1508.67650267178,0,2,0.570992933375778,m2_1
10,-1508.67650267178,1,2,0.667235890944134,m2_1
10,-1508.67650267178,2,2,0.759173104090502,m2_1
10,-1508.67650267178,3,2,0.687366750250824,m2_1
10,-1508.67650267178,0,4,0.473134724245018,m2_1
10,-1508.67650267178,1,4,0.508721490616383,m2_1
10,-1508.67650267178,2,4,0.582817254713908,m2_1
10,-1508.67650267178,3,4,0.525516434339743,m2_1
13,-1529.81958663946,0,2,0.198066847774036,m2_1
13,-1529.81958663946,1,2,1.05343914894437,m2_1
13,-1529.81958663946,2,2,1.4047227812958,m2_1
13,-1529.81958663946,3,2,1.0134233952269,m2_1
13,-1529.81958663946,0,4,0.160062015701446,m2_1
13,-1529.81958663946,1,4,0.819008454889004,m2_1
13,-1529.81958663946,2,4,0.982889072605075,m2_1
13,-1529.81958663946,3,4,1.37849104503615,m2_1
20,-1529.81958663946,0,2,0.340034443066703,m2_1
20,-1529.81958663946,1,2,1.29329822856103,m2_1
20,-1529.81958663946,2,2,1.42641769508949,m2_1
20,-1529.81958663946,3,2,0.637585436939626,m2_1
20,-1529.81958663946,0,4,0.0495320500534505,m2_1
20,-1529.81958663946,1,4,0.986290871213076,m2_1
20,-1529.81958663946,2,4,0.710168640351096,m2_1
20,-1529.81958663946,3,4,0.454119560461001,m2_1
21,-1508.67650267178,0,2,0.4153631016851,m2_1
21,-1508.67650267178,1,2,1.23434887056621,m2_1
21,-1508.67650267178,2,2,1.23091059588955,m2_1
21,-1508.67650267178,3,2,1.0049271284623,m2_1
21,-1508.67650267178,0,4,0.307918194494097,m2_1
21,-1508.67650267178,1,4,1.2976255728588,m2_1
21,-1508.67650267178,2,4,0.970848676688737,m2_1
21,-1508.67650267178,3,4,0.449711205171336,m2_1
24,-1529.81958663946,0,2,0.435445811186462,m2_1
24,-1529.81958663946,1,2,1.11667777200926,m2_1
24,-1529.81958663946,2,2,1.17160795562962,m2_1
24,-1529.81958663946,3,2,1.32657642439868,m2_1
24,-1529.81958663946,0,4,0.331406465758646,m2_1
24,-1529.81958663946,1,4,1.15349920764737,m2_1
24,-1529.81958663946,2,4,1.25381953313467,m2_1
24,-1529.81958663946,3,4,1.45597298163424,m2_1
27,-1466.39033473641,0,2,0.456302102663958,m2_1
27,-1466.39033473641,1,2,0.598600249264246,m2_1
27,-1466.39033473641,2,2,0.988479333638455,m2_1
27,-1466.39033473641,3,2,0.470220743074444,m2_1
27,-1466.39033473641,0,4,0.167576345867792,m2_1
27,-1466.39033473641,1,4,0.8972722733763,m2_1
27,-1466.39033473641,2,4,0.863445835967372,m2_1
27,-1466.39033473641,3,4,0.718403678115384,m2_1
28,-1466.39033473641,0,2,0.315566282036128,m2_1
28,-1466.39033473641,1,2,0.948207248193195,m2_1
28,-1466.39033473641,2,2,1.10439709147889,m2_1
28,-1466.39033473641,3,2,0.917667552352935,m2_1
28,-1466.39033473641,0,4,0.0885843840636395,m2_1
28,-1466.39033473641,1,4,0.943805431964687,m2_1
28,-1466.39033473641,2,4,1.07577659122132,m2_1
28,-1466.39033473641,3,4,0.758144448409786,m2_1
41,-1424.10416680104,0,2,0.156199610785627,m2_1
41,-1424.10416680104,1,2,0.967029381054601,m2_1
41,-1424.10416680104,2,2,1.51579874605386,m2_1
41,-1424.10416680104,3,2,1.12946186756306,m2_1
41,-1424.10416680104,0,4,0.0542407442050709,m2_1
41,-1424.10416680104,1,4,0.663447409995725,m2_1
41,-1424.10416680104,2,4,1.08449835820089,m2_1
41,-1424.10416680104,3,4,1.14076047365979,m2_1
42,-1424.10416680104,0,2,0.320914285606369,m2_1
42,-1424.10416680104,1,2,0.884665813718115,m2_1
42,-1424.10416680104,2,2,1.44684887960939,m2_1
42,-1424.10416680104,3,2,0.967309589684797,m2_1
42,-1424.10416680104,0,4,0.300773567135098,m2_1
42,-1424.10416680104,1,4,1.1262912710813,m2_1
42,-1424.10416680104,2,4,0.939102366236037,m2_1
42,-1424.10416680104,3,4,1.28308357763345,m2_1
54,-1402.96108283336,0,2,0.525710968551905,m2_1
54,-1402.96108283336,1,2,1.05090720758704,m2_1
54,-1402.96108283336,2,2,1.16548469926527,m2_1
54,-1402.96108283336,3,2,1.12685350055707,m2_1
54,-1402.96108283336,0,4,0.641249071828987,m2_1
54,-1402.96108283336,1,4,0.970306272733996,m2_1
54,-1402.96108283336,2,4,1.08112958044205,m2_1
54,-1402.96108283336,3,4,1.29874920595469,m2_1
59,-1318.38874696263,0,2,0.340607355688505,m2_1
59,-1318.38874696263,1,2,0.91447903884918,m2_1
59,-1318.38874696263,2,2,1.0337462598874,m2_1
59,-1318.38874696263,3,2,0.988735229790367,m2_1
59,-1318.38874696263,0,4,0.380318776714836,m2_1
59,-1318.38874696263,1,4,0.946243173501173,m2_1
59,-1318.38874696263,2,4,0.805866910209667,m2_1
59,-1318.38874696263,3,4,1.12361407869261,m2_1
67,-1360.674914898,0,2,0.520687447576125,m2_1
67,-1360.674914898,1,2,1.0084151197639,m2_1
67,-1360.674914898,2,2,0.995611604683493,m2_1
67,-1360.674914898,3,2,0.978333614542893,m2_1
67,-1360.674914898,0,4,0.686603866592414,m2_1
67,-1360.674914898,1,4,0.991629935262507,m2_1
67,-1360.674914898,2,4,0.858914176580859,m2_1
67,-1360.674914898,3,4,1.02668543317333,m2_1
68,-1297.24566299495,0,2,0.183480015418674,m2_1
68,-1297.24566299495,1,2,0.628963529844548,m2_1
68,-1297.24566299495,2,2,0.837037343072072,m2_1
68,-1297.24566299495,3,2,0.755718147108117,m2_1
68,-1297.24566299495,0,4,0.20078684094484,m2_1
68,-1297.24566299495,1,4,0.547642618409015,m2_1
68,-1297.24566299495,2,4,0.555047936293181,m2_1
68,-1297.24566299495,3,4,0.754540330637425,m2_1
70,-1360.674914898,0,2,0.0980304459401943,m2_1
70,-1360.674914898,1,2,1.58661834276987,m2_1
70,-1360.674914898,2,2,1.16441895123965,m2_1
70,-1360.674914898,3,2,1.30286534483206,m2_1
70,-1360.674914898,0,4,0.0736955818409573,m2_1
70,-1360.674914898,1,4,1.42881625012585,m2_1
70,-1360.674914898,2,4,1.18399377925974,m2_1
70,-1360.674914898,3,4,0.925378464094028,m2_1
75,-1297.24566299495,0,2,0.285974155774119,m2_1
75,-1297.24566299495,1,2,0.737364340595154,m2_1
75,-1297.24566299495,2,2,1.50166628162303,m2_1
75,-1297.24566299495,3,2,0.632773490742777,m2_1
75,-1297.24566299495,0,4,0.479939822119246,m2_1
75,-1297.24566299495,1,4,0.355396214559398,m2_1
75,-1297.24566299495,2,4,0.713601627932573,m2_1
75,-1297.24566299495,3,4,0.386874348464929,m2_1
78,-1339.53183093031,0,2,0.625582514599734,m2_1
78,-1339.53183093031,1,2,1.35558953765054,m2_1
78,-1339.53183093031,2,2,1.52122398916064,m2_1
78,-1339.53183093031,3,2,1.3971962236852,m2_1
78,-1339.53183093031,0,4,0.245546198227065,m2_1
78,-1339.53183093031,1,4,0.558300517446338,m2_1
78,-1339.53183093031,2,4,1.03852717243565,m2_1
78,-1339.53183093031,3,4,1.04094869494449,m2_1
79,-1297.24566299495,0,2,0.376827527121875,m2_1
79,-1297.24566299495,1,2,0.949212121644212,m2_1
79,-1297.24566299495,2,2,1.0207123617552,m2_1
79,-1297.24566299495,3,2,0.907134681640199,m2_1
79,-1297.24566299495,0,4,0.910771737501076,m2_1
79,-1297.24566299495,1,4,1.03070664827952,m2_1
79,-1297.24566299495,2,4,0.75561097175058,m2_1
79,-1297.24566299495,3,4,1.1259276389221,m2_1
80,-1318.38874696263,0,2,0.175906388394863,m2_1
80,-1318.38874696263,1,2,1.49865372186513,m2_1
80,-1318.38874696263,2,2,1.80071158271666,m2_1
80,-1318.38874696263,3,2,1.44187155702029,m2_1
80,-1318.38874696263,0,4,0.163229566888015,m2_1
80,-1318.38874696263,1,4,1.25315814447902,m2_1
80,-1318.38874696263,2,4,1.50910427845376,m2_1
80,-1318.38874696263,3,4,1.53494301261065,m2_1
82,-1297.24566299495,0,2,0.0366133743249069,m2_1
82,-1297.24566299495,1,2,0.74807778615898,m2_1
82,-1297.24566299495,2,2,0.968286216118654,m2_1
82,-1297.24566299495,3,2,0.993267756929876,m2_1
82,-1297.24566299495,0,4,0.0816780813944584,m2_1
82,-1297.24566299495,1,4,0.532395705731043,m2_1
82,-1297.24566299495,2,4,0.764904015192655,m2_1
82,-1297.24566299495,3,4,0.47009198379432,m2_1
84,-1254.95949505958,0,2,0.30211522130489,m2_1
84,-1254.95949505958,1,2,1.44117157586671,m2_1
84,-1254.95949505958,2,2,1.05917822446087,m2_1
84,-1254.95949505958,3,2,1.13004567341581,m2_1
84,-1254.95949505958,0,4,0.562298486262656,m2_1
84,-1254.95949505958,1,4,1.21927888068477,m2_1
84,-1254.95949505958,2,4,1.57215464418166,m2_1
84,-1254.95949505958,3,4,1.80256803938917,m2_1
87,-1276.10257902726,0,2,0.0429548987228593,m2_1
87,-1276.10257902726,1,2,0.762002971473527,m2_1
87,-1276.10257902726,2,2,0.863915040956421,m2_1
87,-1276.10257902726,3,2,0.651800167240992,m2_1
87,-1276.10257902726,0,4,0.193901012903236,m2_1
87,-1276.10257902726,1,4,0.621100809092139,m2_1
87,-1276.10257902726,2,4,1.78761699463001,m2_1
87,-1276.10257902726,3,4,1.07478327022342,m2_1
88,-1276.10257902726,0,2,0.368804408236642,m2_1
88,-1276.10257902726,1,2,1.1786764551707,m2_1
88,-1276.10257902726,2,2,1.27956878940281,m2_1
88,-1276.10257902726,3,2,1.40464451620223,m2_1
88,-1276.10257902726,0,4,0.165715042573588,m2_1
88,-1276.10257902726,1,4,0.80406684919746,m2_1
88,-1276.10257902726,2,4,0.816650714619398,m2_1
88,-1276.10257902726,3,4,1.04768308240611,m2_1
90,-1276.10257902726,0,2,0.876800828331529,m2_1
90,-1276.10257902726,1,2,1.10490295960527,m2_1
90,-1276.10257902726,2,2,1.16553776777416,m2_1
90,-1276.10257902726,3,2,0.980752179225753,m2_1
90,-1276.10257902726,0,4,0.871687921255131,m2_1
90,-1276.10257902726,1,4,0.910772065387048,m2_1
90,-1276.10257902726,2,4,0.957050256734231,m2_1
90,-1276.10257902726,3,4,0.889639172871694,m2_1
91,-1276.10257902726,0,2,0.350006935035822,m2_1
91,-1276.10257902726,1,2,1.14080451363165,m2_1
91,-1276.10257902726,2,2,0.78873721869754,m2_1
91,-1276.10257902726,3,2,0.833079888142087,m2_1
91,-1276.10257902726,0,4,0.222325043584015,m2_1
91,-1276.10257902726,1,4,1.41857811992236,m2_1
91,-1276.10257902726,2,4,1.41412707950335,m2_1
91,-1276.10257902726,3,4,1.44597216215495,m2_1
92,-1276.10257902726,0,2,0.371950737127186,m2_1
92,-1276.10257902726,1,2,1.20650161646621,m2_1
92,-1276.10257902726,2,2,0.975487299531748,m2_1
92,-1276.10257902726,3,2,1.35119458112206,m2_1
92,-1276.10257902726,0,4,0.158562690332586,m2_1
92,-1276.10257902726,1,4,0.566741687757843,m2_1
92,-1276.10257902726,2,4,0.81707933095305,m2_1
92,-1276.10257902726,3,4,0.857741083715415,m2_1
94,-1254.95949505958,0,2,0.663649368975237,m2_1
94,-1254.95949505958,1,2,1.04509206888338,m2_1
94,-1254.95949505958,2,2,1.09069782369962,m2_1
94,-1254.95949505958,3,2,1.07290766969325,m2_1
94,-1254.95949505958,0,4,0.82998460143323,m2_1
94,-1254.95949505958,1,4,0.962176648632292,m2_1
94,-1254.95949505958,2,4,1.03835166853213,m2_1
94,-1254.95949505958,3,4,1.23396668257054,m2_1
100,-1233.8164110919,0,2,0.371365693441759,m2_1
100,-1233.8164110919,1,2,0.656644998734602,m2_1
100,-1233.8164110919,2,2,0.94599466887334,m2_1
100,-1233.8164110919,3,2,1.20290196954708,m2_1
100,-1233.8164110919,0,4,0.454145127861028,m2_1
100,-1233.8164110919,1,4,0.538754320781836,m2_1
100,-1233.8164110919,2,4,0.936544886861886,m2_1
100,-1233.8164110919,3,4,1.22786506801786,m2_1
102,-1212.67332712421,0,2,0.645990735163344,m2_1
102,-1212.67332712421,1,2,1.19613185845375,m2_1
102,-1212.67332712421,2,2,1.21865849145129,m2_1
102,-1212.67332712421,3,2,1.2643881272822,m2_1
102,-1212.67332712421,0,4,0.659250171674007,m2_1
102,-1212.67332712421,1,4,1.15394847021358,m2_1
102,-1212.67332712421,2,4,1.13402240791035,m2_1
102,-1212.67332712421,3,4,1.06068732496898,m2_1
107,-1191.53024315653,0,2,0.49321317307547,m2_1
107,-1191.53024315653,1,2,0.548219258566906,m2_1
107,-1191.53024315653,2,2,0.657419371481711,m2_1
107,-1191.53024315653,3,2,0.639021224930977,m2_1
107,-1191.53024315653,0,4,0.422776143539551,m2_1
107,-1191.53024315653,1,4,0.510048010981446,m2_1
107,-1191.53024315653,2,4,0.463493630226196,m2_1
107,-1191.53024315653,3,4,0.474698915112055,m2_1
111,-1170.38715918885,0,2,0.293358292834633,m2_1
111,-1170.38715918885,1,2,0.903690435196445,m2_1
111,-1170.38715918885,2,2,1.63961608870111,m2_1
111,-1170.38715918885,3,2,1.18021857942186,m2_1
111,-1170.38715918885,0,4,0.103032779619736,m2_1
111,-1170.38715918885,1,4,0.47266510279051,m2_1
111,-1170.38715918885,2,4,1.10711028777086,m2_1
111,-1170.38715918885,3,4,0.97285969476877,m2_1
116,-1170.38715918885,0,2,0.186971627181642,m2_1
116,-1170.38715918885,1,2,0.853207030022884,m2_1
116,-1170.38715918885,2,2,1.15872254728671,m2_1
116,-1170.38715918885,3,2,1.23659026615478,m2_1
116,-1170.38715918885,0,4,0.0913183488208953,m2_1
116,-1170.38715918885,1,4,0.675263243147846,m2_1
116,-1170.38715918885,2,4,0.965514926887474,m2_1
116,-1170.38715918885,3,4,1.30711390883587,m2_1
118,-1191.53024315653,0,2,0.377142384713457,m2_1
118,-1191.53024315653,1,2,0.995092228509661,m2_1
118,-1191.53024315653,2,2,1.42909940835364,m2_1
118,-1191.53024315653,3,2,0.700207544514713,m2_1
118,-1191.53024315653,0,4,0.249412578967605,m2_1
118,-1191.53024315653,1,4,0.893299647791336,m2_1
118,-1191.53024315653,2,4,1.37735531580579,m2_1
118,-1191.53024315653,3,4,0.842187260385088,m2_1
119,-1191.53024315653,0,2,0.424685889221621,m2_1
119,-1191.53024315653,1,2,1.05311028446565,m2_1
119,-1191.53024315653,2,2,1.0962757020938,m2_1
119,-1191.53024315653,3,2,0.873591709799879,m2_1
119,-1191.53024315653,0,4,0.300281042016837,m2_1
119,-1191.53024315653,1,4,0.921064084095261,m2_1
119,-1191.53024315653,2,4,1.18326701196811,m2_1
119,-1191.53024315653,3,4,0.885843454270451,m2_1
121,-1170.38715918885,0,2,0.601352684463981,m2_1
121,-1170.38715918885,1,2,0.76218597371543,m2_1
121,-1170.38715918885,2,2,0.809492600129798,m2_1
121,-1170.38715918885,3,2,0.874993227682589,m2_1
121,-1170.38715918885,0,4,0.817926528732371,m2_1
121,-1170.38715918885,1,4,0.918740092819333,m2_1
121,-1170.38715918885,2,4,0.764890135726964,m2_1
121,-1170.38715918885,3,4,0.797083179144492,m2_1
125,-1128.10099125348,0,2,0.199448305759264,m2_1
125,-1128.10099125348,1,2,1.05408515282556,m2_1
125,-1128.10099125348,2,2,2.0611717826105,m2_1
125,-1128.10099125348,3,2,0.985053849086571,m2_1
125,-1128.10099125348,0,4,0.102975880672593,m2_1
125,-1128.10099125348,1,4,1.39055754659058,m2_1
125,-1128.10099125348,2,4,1.33070428897759,m2_1
125,-1128.10099125348,3,4,0.607359005804555,m2_1
129,-1149.24407522117,0,2,0.308208855704824,m2_1
129,-1149.24407522117,1,2,4.51405106384872,m2_1
129,-1149.24407522117,2,2,1.47176690273071,m2_1
129,-1149.24407522117,3,2,2.70777229256373,m2_1
129,-1149.24407522117,0,4,0.227277997519453,m2_1
129,-1149.24407522117,1,4,3.09810055494402,m2_1
129,-1149.24407522117,2,4,3.25439454177527,m2_1
129,-1149.24407522117,3,4,2.03532147704561,m2_1
131,-1128.10099125348,0,2,0.137817854303906,m2_1
131,-1128.10099125348,1,2,0.630903963017456,m2_1
131,-1128.10099125348,2,2,0.640509012778588,m2_1
131,-1128.10099125348,3,2,1.49444833628509,m2_1
131,-1128.10099125348,0,4,0.121786631184572,m2_1
131,-1128.10099125348,1,4,0.441106066969575,m2_1
131,-1128.10099125348,2,4,1.07247278161176,m2_1
131,-1128.10099125348,3,4,0.795225536682191,m2_1
132,-1149.24407522117,0,2,0.342303846434838,m2_1
132,-1149.24407522117,1,2,1.41850592774555,m2_1
132,-1149.24407522117,2,2,0.344060940936407,m2_1
132,-1149.24407522117,3,2,1.20148795943249,m2_1
132,-1149.24407522117,0,4,0.10421045070451,m2_1
132,-1149.24407522117,1,4,0.693477342123501,m2_1
132,-1149.24407522117,2,4,0.255759899624005,m2_1
132,-1149.24407522117,3,4,0.824733587377777,m2_1
133,-1128.10099125348,0,2,0.467120610087662,m2_1
133,-1128.10099125348,1,2,1.22705061369721,m2_1
133,-1128.10099125348,2,2,1.63631324371525,m2_1
133,-1128.10099125348,3,2,1.37224199361778,m2_1
133,-1128.10099125348,0,4,0.444721479500296,m2_1
133,-1128.10099125348,1,4,0.840659747022318,m2_1
133,-1128.10099125348,2,4,1.24895236452625,m2_1
133,-1128.10099125348,3,4,1.40641931062916,m2_1
134,-1128.10099125348,0,2,0.633869599998101,m2_1
134,-1128.10099125348,1,2,2.28385520251605,m2_1
134,-1128.10099125348,2,2,1.20503237441949,m2_1
134,-1128.10099125348,3,2,1.3483980686262,m2_1
134,-1128.10099125348,0,4,0.708070949741352,m2_1
134,-1128.10099125348,1,4,1.65322012258831,m2_1
134,-1128.10099125348,2,4,1.70286353022687,m2_1
134,-1128.10099125348,3,4,1.43199621905327,m2_1
136,-1128.10099125348,0,2,0.453783259955227,m2_1
136,-1128.10099125348,1,2,1.23144147694209,m2_1
136,-1128.10099125348,2,2,1.21663108141505,m2_1
136,-1128.10099125348,3,2,1.33143113632282,m2_1
136,-1128.10099125348,0,4,0.337419046141911,m2_1
136,-1128.10099125348,1,4,1.19048275181887,m2_1
136,-1128.10099125348,2,4,1.36492381508882,m2_1
136,-1128.10099125348,3,4,1.12947288739129,m2_1
137,-1149.24407522117,0,2,0.368976672221183,m2_1
137,-1149.24407522117,1,2,0.986018232241144,m2_1
137,-1149.24407522117,2,2,0.884255296111929,m2_1
137,-1149.24407522117,3,2,0.919399684012619,m2_1
137,-1149.24407522117,0,4,0.469641611927004,m2_1
137,-1149.24407522117,1,4,0.701375090174319,m2_1
137,-1149.24407522117,2,4,0.807243972660154,m2_1
137,-1149.24407522117,3,4,0.871038185762346,m2_1
139,-1106.9579072858,0,2,0.148408111699996,m2_1
139,-1106.9579072858,1,2,0.620332789723858,m2_1
139,-1106.9579072858,2,2,0.884480164964324,m2_1
139,-1106.9579072858,3,2,1.03642970263701,m2_1
139,-1106.9579072858,0,4,0.118004079337782,m2_1
139,-1106.9579072858,1,4,0.55077924651713,m2_1
139,-1106.9579072858,2,4,1.10974697023377,m2_1
139,-1106.9579072858,3,4,0.957873989485771,m2_1
142,-1085.81482331812,0,2,0.183553596114686,m2_1
142,-1085.81482331812,1,2,0.93886117793782,m2_1
142,-1085.81482331812,2,2,1.14565132070823,m2_1
142,-1085.81482331812,3,2,1.14667058133563,m2_1
142,-1085.81482331812,0,4,0.17554883770867,m2_1
142,-1085.81482331812,1,4,0.633517480884827,m2_1
142,-1085.81482331812,2,4,0.93855559067723,m2_1
142,-1085.81482331812,3,4,0.836742657105197,m2_1
146,-1085.81482331812,0,2,0.166494381012547,m2_1
146,-1085.81482331812,1,2,0.756439946188808,m2_1
146,-1085.81482331812,2,2,0.923802861169959,m2_1
146,-1085.81482331812,3,2,1.16000203729174,m2_1
146,-1085.81482331812,0,4,0.120878442895527,m2_1
146,-1085.81482331812,1,4,0.659483863876994,m2_1
146,-1085.81482331812,2,4,0.719275745307428,m2_1
146,-1085.81482331812,3,4,1.12792135199143,m2_1
147,-1085.81482331812,0,2,0.205280395534748,m2_1
147,-1085.81482331812,1,2,0.584478138512104,m2_1
147,-1085.81482331812,2,2,0.768768662138455,m2_1
147,-1085.81482331812,3,2,0.884021840581691,m2_1
147,-1085.81482331812,0,4,0.194249250029831,m2_1
147,-1085.81482331812,1,4,0.644772752444487,m2_1
147,-1085.81482331812,2,4,0.716071259762307,m2_1
147,-1085.81482331812,3,4,0.906667935938132,m2_1
149,-1085.81482331812,0,2,0.243158670846371,m2_1
149,-1085.81482331812,1,2,0.68015639206076,m2_1
149,-1085.81482331812,2,2,0.811611505720666,m2_1
149,-1085.81482331812,3,2,1.06071375637359,m2_1
149,-1085.81482331812,0,4,0.349381285735548,m2_1
149,-1085.81482331812,1,4,0.550125889810244,m2_1
149,-1085.81482331812,2,4,0.892959521513599,m2_1
149,-1085.81482331812,3,4,1.0721004403292,m2_1
161,-1043.52865538275,0,2,0.115867082319683,m2_1
161,-1043.52865538275,1,2,0.59545714122886,m2_1
161,-1043.52865538275,2,2,0.85007097758537,m2_1
161,-1043.52865538275,3,2,1.00230807715934,m2_1
161,-1043.52865538275,0,4,0.113363995827041,m2_1
161,-1043.52865538275,1,4,0.378557424970278,m2_1
161,-1043.52865538275,2,4,0.846001391628078,m2_1
161,-1043.52865538275,3,4,1.11638663499737,m2_1
162,-1043.52865538275,0,2,0.142900494803725,m2_1
162,-1043.52865538275,1,2,0.769461951999345,m2_1
162,-1043.52865538275,2,2,0.781211925767961,m2_1
162,-1043.52865538275,3,2,1.00024613648896,m2_1
162,-1043.52865538275,0,4,0.156406031109698,m2_1
162,-1043.52865538275,1,4,0.631490577148922,m2_1
162,-1043.52865538275,2,4,0.875388257770937,m2_1
162,-1043.52865538275,3,4,0.951641533691784,m2_1
164,-1022.38557141507,0,2,0.217475324679601,m2_1
164,-1022.38557141507,1,2,1.65087595437084,m2_1
164,-1022.38557141507,2,2,3.07446333660292,m2_1
164,-1022.38557141507,3,2,1.10945208288249,m2_1
164,-1022.38557141507,0,4,0.238136700342022,m2_1
164,-1022.38557141507,1,4,2.35782436949705,m2_1
164,-1022.38557141507,2,4,2.87901635484868,m2_1
164,-1022.38557141507,3,4,1.63726712909219,m2_1
166,-1001.24248744739,0,2,0.0890405329184635,m2_1
166,-1001.24248744739,1,2,0.533903983477692,m2_1
166,-1001.24248744739,2,2,1.22072559740163,m2_1
166,-1001.24248744739,3,2,1.11509031172829,m2_1
166,-1001.24248744739,0,4,0.0789233811274638,m2_1
166,-1001.24248744739,1,4,0.43867713374735,m2_1
166,-1001.24248744739,2,4,0.925825597524206,m2_1
166,-1001.24248744739,3,4,1.27555254822998,m2_1
171,-1001.24248744739,0,2,0.0481005549564255,m2_1
171,-1001.24248744739,1,2,0.382681270644523,m2_1
171,-1001.24248744739,2,2,0.929869624237469,m2_1
171,-1001.24248744739,3,2,0.89475530349919,m2_1
171,-1001.24248744739,0,4,0.0886803293728196,m2_1
171,-1001.24248744739,1,4,0.20638962530244,m2_1
171,-1001.24248744739,2,4,0.585230682755944,m2_1
171,-1001.24248744739,3,4,0.721481339979025,m2_1
172,-1022.38557141507,0,2,0.120357886677973,m2_1
172,-1022.38557141507,1,2,0.678422464622227,m2_1
172,-1022.38557141507,2,2,1.04885031560106,m2_1
172,-1022.38557141507,3,2,1.15982418265242,m2_1
172,-1022.38557141507,0,4,0.152263662851914,m2_1
172,-1022.38557141507,1,4,0.562427207522858,m2_1
172,-1022.38557141507,2,4,1.01111793565184,m2_1
172,-1022.38557141507,3,4,0.728239441895168,m2_1
173,-1001.24248744739,0,2,0.1521976907707,m2_1
173,-1001.24248744739,1,2,0.644092162913143,m2_1
173,-1001.24248744739,2,2,0.632862838351477,m2_1
173,-1001.24248744739,3,2,1.13328793072035,m2_1
173,-1001.24248744739,0,4,0.300515219297155,m2_1
173,-1001.24248744739,1,4,0.564286587815676,m2_1
173,-1001.24248744739,2,4,0.734943621057107,m2_1
173,-1001.24248744739,3,4,0.63879836512562,m2_1
176,-1001.24248744739,0,2,0.110696865192855,m2_1
176,-1001.24248744739,1,2,0.529925830048626,m2_1
176,-1001.24248744739,2,2,1.32616682901675,m2_1
176,-1001.24248744739,3,2,0.6591620238293,m2_1
176,-1001.24248744739,0,4,0.119989684356506,m2_1
176,-1001.24248744739,1,4,0.305145520900588,m2_1
176,-1001.24248744739,2,4,1.0204512246995,m2_1
176,-1001.24248744739,3,4,0.964388747487931,m2_1
177,-958.95631951202,0,2,0.0690870317261666,m2_1
177,-958.95631951202,1,2,0.416688413654734,m2_1
177,-958.95631951202,2,2,0.920992185438693,m2_1
177,-958.95631951202,3,2,0.789436504662205,m2_1
177,-958.95631951202,0,4,0.0613075640344003,m2_1
177,-958.95631951202,1,4,0.24445060882575,m2_1
177,-958.95631951202,2,4,0.48852810456319,m2_1
177,-958.95631951202,3,4,0.789668040132047,m2_1
178,-980.099403479702,0,2,0.117819732339347,m2_1
178,-980.099403479702,1,2,0.702105840591175,m2_1
178,-980.099403479702,2,2,0.905419144729161,m2_1
178,-980.099403479702,3,2,0.980867831245255,m2_1
178,-980.099403479702,0,4,0.143889650629465,m2_1
178,-980.099403479702,1,4,0.54488393624596,m2_1
178,-980.099403479702,2,4,0.837618710249435,m2_1
178,-980.099403479702,3,4,0.964795290895067,m2_1
179,-980.099403479702,0,2,0.052259229895142,m2_1
179,-980.099403479702,1,2,0.695252402525461,m2_1
179,-980.099403479702,2,2,0.664220169982637,m2_1
179,-980.099403479702,3,2,0.951082738607088,m2_1
179,-980.099403479702,0,4,0.0556171078998944,m2_1
179,-980.099403479702,1,4,0.322516149401808,m2_1
179,-980.099403479702,2,4,1.04630220938979,m2_1
179,-980.099403479702,3,4,0.816705984897615,m2_1
182,-916.670151576654,0,2,0.129886599918048,m2_1
182,-916.670151576654,1,2,0.643783239072351,m2_1
182,-916.670151576654,2,2,0.892266135275429,m2_1
182,-916.670151576654,3,2,0.91776131745391,m2_1
182,-916.670151576654,0,4,0.451919993748911,m2_1
182,-916.670151576654,1,4,0.503319564619032,m2_1
182,-916.670151576654,2,4,0.844671246663672,m2_1
182,-916.670151576654,3,4,0.716506020295586,m2_1
184,-916.670151576654,0,2,0.0694492475500477,m2_1
184,-916.670151576654,1,2,0.500702396438584,m2_1
184,-916.670151576654,2,2,1.15709144286016,m2_1
184,-916.670151576654,3,2,0.798368688876568,m2_1
184,-916.670151576654,0,4,0.121003374149552,m2_1
184,-916.670151576654,1,4,0.430624058552481,m2_1
184,-916.670151576654,2,4,0.881419200912319,m2_1
184,-916.670151576654,3,4,0.778453450601244,m2_1
185,-958.95631951202,0,2,0.182306763705438,m2_1
185,-958.95631951202,1,2,1.44550418180078,m2_1
185,-958.95631951202,2,2,0.728318014857419,m2_1
185,-958.95631951202,3,2,1.21753251391764,m2_1
185,-958.95631951202,0,4,0.0776895835419816,m2_1
185,-958.95631951202,1,4,0.484464916792211,m2_1
185,-958.95631951202,2,4,0.791131739943429,m2_1
185,-958.95631951202,3,4,1.08134060445138,m2_1
186,-980.099403479702,0,2,0.192390062172716,m2_1
186,-980.099403479702,1,2,0.650703994674365,m2_1
186,-980.099403479702,2,2,1.03799498581773,m2_1
186,-980.099403479702,3,2,0.904634087427033,m2_1
186,-980.099403479702,0,4,0.257332428375035,m2_1
186,-980.099403479702,1,4,0.512711027510989,m2_1
186,-980.099403479702,2,4,0.905164100117722,m2_1
186,-980.099403479702,3,4,0.948660977295781,m2_1
191,-916.670151576654,0,2,0.0975656596836507,m2_1
191,-916.670151576654,1,2,0.921024853038095,m2_1
191,-916.670151576654,2,2,0.902254776430833,m2_1
191,-916.670151576654,3,2,1.10983740226398,m2_1
191,-916.670151576654,0,4,0.0587906577522993,m2_1
191,-916.670151576654,1,4,0.606994357353752,m2_1
191,-916.670151576654,2,4,0.940787158465603,m2_1
191,-916.670151576654,3,4,0.653686667937404,m2_1
195,-937.813235544337,0,2,0.0384853758442977,m2_1
195,-937.813235544337,1,2,0.478328956479644,m2_1
195,-937.813235544337,2,2,0.870617009051112,m2_1
195,-937.813235544337,3,2,0.793875348357004,m2_1
195,-937.813235544337,0,4,0.0597841423949752,m2_1
195,-937.813235544337,1,4,0.465852942094188,m2_1
195,-937.813235544337,2,4,0.574833244698994,m2_1
195,-937.813235544337,3,4,0.879023361358307,m2_1
197,-916.670151576654,0,2,0.144933958944477,m2_1
197,-916.670151576654,1,2,0.69547875662394,m2_1
197,-916.670151576654,2,2,0.777032001575037,m2_1
197,-916.670151576654,3,2,1.13638842899223,m2_1
197,-916.670151576654,0,4,0.150024071249834,m2_1
197,-916.670151576654,1,4,0.416230519752112,m2_1
197,-916.670151576654,2,4,0.69358026971909,m2_1
197,-916.670151576654,3,4,1.20143577067708,m2_1
198,-895.527067608971,0,2,0.081250060869632,m2_1
198,-895.527067608971,1,2,0.706292040175787,m2_1
198,-895.527067608971,2,2,0.763229338811625,m2_1
198,-895.527067608971,3,2,0.895294685928271,m2_1
198,-895.527067608971,0,4,0.0666146975949426,m2_1
198,-895.527067608971,1,4,0.294216904708142,m2_1
198,-895.527067608971,2,4,0.583188459997065,m2_1
198,-895.527067608971,3,4,0.776896435586622,m2_1
203,-874.383983641288,0,2,0.256167826235774,m2_1
203,-874.383983641288,1,2,0.811859598226379,m2_1
203,-874.383983641288,2,2,0.953966106023915,m2_1
203,-874.383983641288,3,2,1.05871642892689,m2_1
203,-874.383983641288,0,4,0.331584643131004,m2_1
203,-874.383983641288,1,4,0.507327130990926,m2_1
203,-874.383983641288,2,4,0.94917775062257,m2_1
203,-874.383983641288,3,4,1.24856012506219,m2_1
204,-895.527067608971,0,2,0.133350927073446,m2_1
204,-895.527067608971,1,2,0.559751466822973,m2_1
204,-895.527067608971,2,2,0.926273473566691,m2_1
204,-895.527067608971,3,2,1.0088299878783,m2_1
204,-895.527067608971,0,4,0.243714740624944,m2_1
204,-895.527067608971,1,4,0.476495292901248,m2_1
204,-895.527067608971,2,4,0.816748591692148,m2_1
204,-895.527067608971,3,4,0.925009839559912,m2_1
205,-916.670151576654,0,2,0.0904850356754449,m2_1
205,-916.670151576654,1,2,0.543082042247361,m2_1
205,-916.670151576654,2,2,1.01222502878949,m2_1
205,-916.670151576654,3,2,0.948321495977716,m2_1
205,-916.670151576654,0,4,0.11089118929931,m2_1
205,-916.670151576654,1,4,0.620147818080478,m2_1
205,-916.670151576654,2,4,0.990250985109014,m2_1
205,-916.670151576654,3,4,1.11093150229874,m2_1
208,-874.383983641288,0,2,0.0669209598099382,m2_1
208,-874.383983641288,1,2,0.611727749439457,m2_1
208,-874.383983641288,2,2,1.61221508743581,m2_1
208,-874.383983641288,3,2,0.800818202290185,m2_1
208,-874.383983641288,0,4,0.0227530298090518,m2_1
208,-874.383983641288,1,4,0.585169727384686,m2_1
208,-874.383983641288,2,4,0.615685636726098,m2_1
208,-874.383983641288,3,4,0.746732514783973,m2_1
209,-916.670151576654,0,2,0.0630162046219606,m2_1
209,-916.670151576654,1,2,0.401288702642029,m2_1
209,-916.670151576654,2,2,0.519202338456703,m2_1
209,-916.670151576654,3,2,0.966714341872929,m2_1
209,-916.670151576654,0,4,0.110624434509544,m2_1
209,-916.670151576654,1,4,0.290708484639823,m2_1
209,-916.670151576654,2,4,0.456849290971515,m2_1
209,-916.670151576654,3,4,0.976275162842447,m2_1
210,-874.383983641288,0,2,0.148400519757453,m2_1
210,-874.383983641288,1,2,0.275867462683405,m2_1
210,-874.383983641288,2,2,0.470316521253276,m2_1
210,-874.383983641288,3,2,1.76598278056343,m2_1
210,-874.383983641288,0,4,0.0706856349683845,m2_1
210,-874.383983641288,1,4,0.230604953421558,m2_1
210,-874.383983641288,2,4,0.887761726465434,m2_1
210,-874.383983641288,3,4,1.11092508554555,m2_1
211,-895.527067608971,0,2,0.112191249846184,m2_1
211,-895.527067608971,1,2,0.650706738234285,m2_1
211,-895.527067608971,2,2,1.13902190391468,m2_1
211,-895.527067608971,3,2,0.978656458667321,m2_1
211,-895.527067608971,0,4,0.0685159852884627,m2_1
211,-895.527067608971,1,4,0.559545182611886,m2_1
211,-895.527067608971,2,4,0.929996631358074,m2_1
211,-895.527067608971,3,4,0.918501170904934,m2_1
213,-874.383983641288,0,2,0.338166862667541,m2_1
213,-874.383983641288,1,2,0.695916132097218,m2_1
213,-874.383983641288,2,2,0.780582641208466,m2_1
213,-874.383983641288,3,2,1.22899884279654,m2_1
213,-874.383983641288,0,4,0.387518285167307,m2_1
213,-874.383983641288,1,4,0.438767856600854,m2_1
213,-874.383983641288,2,4,0.835747079670286,m2_1
213,-874.383983641288,3,4,1.17133187952692,m2_1
216,-832.097815705922,0,2,0.0321186817729752,m2_1
216,-832.097815705922,1,2,1.37367872253858,m2_1
216,-832.097815705922,2,2,0.859928276463683,m2_1
216,-832.097815705922,3,2,1.02032886199845,m2_1
216,-832.097815705922,0,4,0.052242418172547,m2_1
216,-832.097815705922,1,4,0.435105580662774,m2_1
216,-832.097815705922,2,4,0.885644390745116,m2_1
216,-832.097815705922,3,4,1.20104918891547,m2_1
221,-832.097815705922,0,2,0.0746397227748787,m2_1
221,-832.097815705922,1,2,0.33503170228937,m2_1
221,-832.097815705922,2,2,0.932384231326755,m2_1
221,-832.097815705922,3,2,1.68949271324488,m2_1
221,-832.097815705922,0,4,0.0567331138644934,m2_1
221,-832.097815705922,1,4,0.21996763506453,m2_1
221,-832.097815705922,2,4,0.742054299892363,m2_1
221,-832.097815705922,3,4,1.54871575637327,m2_1
222,-874.383983641288,0,2,0.230322746489212,m2_1
222,-874.383983641288,1,2,0.454511105656732,m2_1
222,-874.383983641288,2,2,0.858757723424899,m2_1
222,-874.383983641288,3,2,0.845849677190881,m2_1
222,-874.383983641288,0,4,0.346326723872548,m2_1
222,-874.383983641288,1,4,0.512036811896762,m2_1
222,-874.383983641288,2,4,0.877456446532107,m2_1
222,-874.383983641288,3,4,0.822871005944916,m2_1
223,-832.097815705922,0,2,0.567731768196715,m2_1
223,-832.097815705922,1,2,0.422416178925754,m2_1
223,-832.097815705922,2,2,0.853341610706446,m2_1
223,-832.097815705922,3,2,0.838092825128952,m2_1
223,-832.097815705922,0,4,0.732486142881033,m2_1
223,-832.097815705922,1,4,0.357494278163209,m2_1
223,-832.097815705922,2,4,0.731437365953468,m2_1
223,-832.097815705922,3,4,0.931176869172893,m2_1
226,-810.954731738239,0,2,0.196419054389961,m2_1
226,-810.954731738239,1,2,0.543394895346736,m2_1
226,-810.954731738239,2,2,0.934387784185819,m2_1
226,-810.954731738239,3,2,0.997572576728271,m2_1
226,-810.954731738239,0,4,0.194101506108279,m2_1
226,-810.954731738239,1,4,0.342502573512876,m2_1
226,-810.954731738239,2,4,0.804828282185878,m2_1
226,-810.954731738239,3,4,1.06326126099179,m2_1
230,-789.811647770556,0,2,0.0720810185810778,m2_1
230,-789.811647770556,1,2,0.525869675572134,m2_1
230,-789.811647770556,2,2,1.03918023228348,m2_1
230,-789.811647770556,3,2,1.31716981929184,m2_1
230,-789.811647770556,0,4,0.138974515867425,m2_1
230,-789.811647770556,1,4,0.514722436951234,m2_1
230,-789.811647770556,2,4,0.906548772844947,m2_1
230,-789.811647770556,3,4,1.30904121031004,m2_1
238,-768.668563802873,0,2,0.0278348274872224,m2_1
238,-768.668563802873,1,2,0.631458747107951,m2_1
238,-768.668563802873,2,2,0.881206589721641,m2_1
238,-768.668563802873,3,2,1.18097255929608,m2_1
238,-768.668563802873,0,4,0.0447331985464305,m2_1
238,-768.668563802873,1,4,0.228485926915143,m2_1
238,-768.668563802873,2,4,0.667926541139241,m2_1
238,-768.668563802873,3,4,1.05468518944794,m2_1
239,-768.668563802873,0,2,0.305769219357611,m2_1
239,-768.668563802873,1,2,0.45889976434651,m2_1
239,-768.668563802873,2,2,0.976246820092269,m2_1
239,-768.668563802873,3,2,0.865986306958055,m2_1
239,-768.668563802873,0,4,0.467365698303702,m2_1
239,-768.668563802873,1,4,0.401312982868175,m2_1
239,-768.668563802873,2,4,0.97196589901805,m2_1
239,-768.668563802873,3,4,0.947241470462824,m2_1
243,-747.52547983519,0,2,0.0595350259341496,m2_1
243,-747.52547983519,1,2,0.380784958021681,m2_1
243,-747.52547983519,2,2,0.756312849971702,m2_1
243,-747.52547983519,3,2,1.00064999269478,m2_1
243,-747.52547983519,0,4,0.0537178459536703,m2_1
243,-747.52547983519,1,4,0.456754158346876,m2_1
243,-747.52547983519,2,4,1.10775220171042,m2_1
243,-747.52547983519,3,4,1.06037459586413,m2_1
244,-747.52547983519,0,2,0.017752975460019,m2_1
244,-747.52547983519,1,2,0.901214255143635,m2_1
244,-747.52547983519,2,2,0.705036126787241,m2_1
244,-747.52547983519,3,2,0.607475314805838,m2_1
244,-747.52547983519,0,4,0.0542136139342116,m2_1
244,-747.52547983519,1,4,0.828761083930177,m2_1
244,-747.52547983519,2,4,1.19160436624226,m2_1
244,-747.52547983519,3,4,0.838585423512187,m2_1
266,-662.953143964458,0,2,0.0550286517440854,m2_1
266,-662.953143964458,1,2,0.282416656528355,m2_1
266,-662.953143964458,2,2,0.880683166021358,m2_1
266,-662.953143964458,3,2,1.0331663367359,m2_1
266,-662.953143964458,0,4,0.078045094341673,m2_1
266,-662.953143964458,1,4,0.123362060976829,m2_1
266,-662.953143964458,2,4,0.926891121467881,m2_1
266,-662.953143964458,3,4,0.685291610878752,m2_1
268,-662.953143964458,0,2,0.0838470609679635,m2_1
268,-662.953143964458,1,2,0.276758366898591,m2_1
268,-662.953143964458,2,2,0.923581435559986,m2_1
268,-662.953143964458,3,2,0.909881683774416,m2_1
268,-662.953143964458,0,4,0.0783359924696236,m2_1
268,-662.953143964458,1,4,0.10973250717483,m2_1
268,-662.953143964458,2,4,0.851951903359595,m2_1
268,-662.953143964458,3,4,0.748832104633894,m2_1
271,-662.953143964458,0,2,0.26183139481608,m2_1
271,-662.953143964458,1,2,0.493733873291918,m2_1
271,-662.953143964458,2,2,1.02968353758654,m2_1
271,-662.953143964458,3,2,0.849262842599496,m2_1
271,-662.953143964458,0,4,0.276280345080241,m2_1
271,-662.953143964458,1,4,0.23061786097544,m2_1
271,-662.953143964458,2,4,0.77506416097814,m2_1
271,-662.953143964458,3,4,1.13055334985829,m2_1
272,-662.953143964458,0,2,0.365562832440701,m2_1
272,-662.953143964458,1,2,0.661810478250593,m2_1
272,-662.953143964458,2,2,1.17384067058549,m2_1
272,-662.953143964458,3,2,0.842527404782529,m2_1
272,-662.953143964458,0,4,0.569137924384438,m2_1
272,-662.953143964458,1,4,0.487506897351731,m2_1
272,-662.953143964458,2,4,0.924056817918532,m2_1
272,-662.953143964458,3,4,1.14742875890177,m2_1
274,-620.666976029093,0,2,0.111549840996643,m2_1
274,-620.666976029093,1,2,0.183391442707894,m2_1
274,-620.666976029093,2,2,1.24662082364581,m2_1
274,-620.666976029093,3,2,1.61656810712461,m2_1
274,-620.666976029093,0,4,0.0342272076012752,m2_1
274,-620.666976029093,1,4,0.161465662344266,m2_1
274,-620.666976029093,2,4,0.701780322256585,m2_1
274,-620.666976029093,3,4,2.08608600021066,m2_1
275,-620.666976029093,0,2,0.047519027386858,m2_1
275,-620.666976029093,1,2,0.661302617119168,m2_1
275,-620.666976029093,2,2,1.72658164041507,m2_1
275,-620.666976029093,3,2,1.6008664179456,m2_1
275,-620.666976029093,0,4,0.0780131181612458,m2_1
275,-620.666976029093,1,4,0.42321785635305,m2_1
275,-620.666976029093,2,4,0.813162526752788,m2_1
275,-620.666976029093,3,4,2.02349832696007,m2_1
277,-641.810059996775,0,2,0.0285987097130862,m2_1
277,-641.810059996775,1,2,0.794622555781057,m2_1
277,-641.810059996775,2,2,0.822451308214554,m2_1
277,-641.810059996775,3,2,1.14113033313401,m2_1
277,-641.810059996775,0,4,0.119872603595096,m2_1
277,-641.810059996775,1,4,0.199586968164947,m2_1
277,-641.810059996775,2,4,1.06337081268081,m2_1
277,-641.810059996775,3,4,1.53489313656571,m2_1
285,-620.666976029093,0,2,0.139962036987667,m2_1
285,-620.666976029093,1,2,0.715894810784864,m2_1
285,-620.666976029093,2,2,0.88152276141519,m2_1
285,-620.666976029093,3,2,1.12037836154472,m2_1
285,-620.666976029093,0,4,0.0517551341068206,m2_1
285,-620.666976029093,1,4,0.295229676138533,m2_1
285,-620.666976029093,2,4,0.768760943041804,m2_1
285,-620.666976029093,3,4,1.17474857826904,m2_1
286,-620.666976029093,0,2,0.114847630842325,m2_1
286,-620.666976029093,1,2,0.0589307665167732,m2_1
286,-620.666976029093,2,2,1.08866284298548,m2_1
286,-620.666976029093,3,2,0.186164359702892,m2_1
286,-620.666976029093,0,4,0.0451873563313313,m2_1
286,-620.666976029093,1,4,0.255327967412615,m2_1
286,-620.666976029093,2,4,0.726736078071253,m2_1
286,-620.666976029093,3,4,0.512052740422217,m2_1
287,-620.666976029093,0,2,0.0292955119413693,m2_1
287,-620.666976029093,1,2,0.596282625636799,m2_1
287,-620.666976029093,2,2,0.611584360550347,m2_1
287,-620.666976029093,3,2,1.42747005639582,m2_1
287,-620.666976029093,0,4,0.0601990166263846,m2_1
287,-620.666976029093,1,4,0.584974242373111,m2_1
287,-620.666976029093,2,4,1.23328427461403,m2_1
287,-620.666976029093,3,4,1.42669875795866,m2_1
291,-578.380808093727,0,2,0.942846233053058,m2_1
291,-578.380808093727,1,2,0.52779195113702,m2_1
291,-578.380808093727,2,2,0.684199714290431,m2_1
291,-578.380808093727,3,2,1.52923611014372,m2_1
291,-578.380808093727,0,4,0.837889485749542,m2_1
291,-578.380808093727,1,4,0.316809195469169,m2_1
291,-578.380808093727,2,4,0.411669265198538,m2_1
291,-578.380808093727,3,4,2.06551504679485,m2_1
293,-599.52389206141,0,2,0.0938507200127356,m2_1
293,-599.52389206141,1,2,0.227316919397067,m2_1
293,-599.52389206141,2,2,0.724051915156076,m2_1
293,-599.52389206141,3,2,0.909871950181599,m2_1
293,-599.52389206141,0,4,0.105890348488411,m2_1
293,-599.52389206141,1,4,0.111426484960194,m2_1
293,-599.52389206141,2,4,0.646045333462888,m2_1
293,-599.52389206141,3,4,0.811635369640215,m2_1
296,-599.52389206141,0,2,0.25403867605159,m2_1
296,-599.52389206141,1,2,0.418374719945471,m2_1
296,-599.52389206141,2,2,0.942250890920996,m2_1
296,-599.52389206141,3,2,0.933253806427289,m2_1
296,-599.52389206141,0,4,0.297504269379091,m2_1
296,-599.52389206141,1,4,0.176457522153702,m2_1
296,-599.52389206141,2,4,0.719313490385215,m2_1
296,-599.52389206141,3,4,0.705884231594663,m2_1
297,-578.380808093727,0,2,0.0717424892013621,m2_1
297,-578.380808093727,1,2,0.368156366819566,m2_1
297,-578.380808093727,2,2,0.676945135756149,m2_1
297,-578.380808093727,3,2,0.488161993539861,m2_1
297,-578.380808093727,0,4,0.0828012907184663,m2_1
297,-578.380808093727,1,4,0.107287604252063,m2_1
297,-578.380808093727,2,4,0.522750065664279,m2_1
297,-578.380808093727,3,4,1.07568034749851,m2_1
298,-620.666976029093,0,2,0.229259230714168,m2_1
298,-620.666976029093,1,2,0.257399619945511,m2_1
298,-620.666976029093,2,2,1.39568863270385,m2_1
298,-620.666976029093,3,2,1.52336777238995,m2_1
298,-620.666976029093,0,4,0.242513440670983,m2_1
298,-620.666976029093,1,4,0.174077950316134,m2_1
298,-620.666976029093,2,4,0.700510134882043,m2_1
298,-620.666976029093,3,4,1.76891794256208,m2_1
299,-578.380808093727,0,2,0.910329821077634,m2_1
299,-578.380808093727,1,2,0.329316259967155,m2_1
299,-578.380808093727,2,2,0.48674316923211,m2_1
299,-578.380808093727,3,2,0.826602528142054,m2_1
299,-578.380808093727,0,4,0.676956298303177,m2_1
299,-578.380808093727,1,4,0.212041810743538,m2_1
299,-578.380808093727,2,4,0.650761511014359,m2_1
299,-578.380808093727,3,4,0.949815169117427,m2_1
300,-578.380808093727,0,2,0.339114981625304,m2_1
300,-578.380808093727,1,2,0.373214471670558,m2_1
300,-578.380808093727,2,2,1.62409691897804,m2_1
300,-578.380808093727,3,2,0.706046121735811,m2_1
300,-578.380808093727,0,4,0.31022522649165,m2_1
300,-578.380808093727,1,4,0.11766422946017,m2_1
300,-578.380808093727,2,4,0.445894239179497,m2_1
300,-578.380808093727,3,4,0.960366946123602,m2_1
301,-599.52389206141,0,2,0.120072267615451,m2_1
301,-599.52389206141,1,2,0.142572854530934,m2_1
301,-599.52389206141,2,2,1.01145809231533,m2_1
301,-599.52389206141,3,2,1.77030091534859,m2_1
301,-599.52389206141,0,4,0.0642778151438986,m2_1
301,-599.52389206141,1,4,0.207988545882946,m2_1
301,-599.52389206141,2,4,0.530432858434341,m2_1
301,-599.52389206141,3,4,0.577545042358957,m2_1
303,-599.52389206141,0,2,0.556446255784579,m2_1
303,-599.52389206141,1,2,0.597691736607364,m2_1
303,-599.52389206141,2,2,1.16813415751113,m2_1
303,-599.52389206141,3,2,1.0114519031311,m2_1
303,-599.52389206141,0,4,0.630362050791871,m2_1
303,-599.52389206141,1,4,0.250483719124955,m2_1
303,-599.52389206141,2,4,0.848960738557453,m2_1
303,-599.52389206141,3,4,1.40070228240492,m2_1
304,-557.237724126044,0,2,0.0518600982967519,m2_1
304,-557.237724126044,1,2,0.186276349112045,m2_1
304,-557.237724126044,2,2,1.79170602015934,m2_1
304,-557.237724126044,3,2,1.36912260075622,m2_1
304,-557.237724126044,0,4,0.106827185192125,m2_1
304,-557.237724126044,1,4,0.181802793603044,m2_1
304,-557.237724126044,2,4,1.01113077947817,m2_1
304,-557.237724126044,3,4,1.12738190019305,m2_1
309,-536.094640158361,0,2,0.124287244039126,m2_1
309,-536.094640158361,1,2,0.26882601473326,m2_1
309,-536.094640158361,2,2,0.411741119205889,m2_1
309,-536.094640158361,3,2,0.472018125936876,m2_1
309,-536.094640158361,0,4,0.0816420737534424,m2_1
309,-536.094640158361,1,4,0.204125875974421,m2_1
309,-536.094640158361,2,4,0.208635747744304,m2_1
309,-536.094640158361,3,4,0.502930150875768,m2_1
313,-536.094640158361,0,2,0.63261235989601,m2_1
313,-536.094640158361,1,2,0.371918371976002,m2_1
313,-536.094640158361,2,2,0.277480233198415,m2_1
313,-536.094640158361,3,2,0.698783127222947,m2_1
313,-536.094640158361,0,4,0.874255116052922,m2_1
313,-536.094640158361,1,4,0.106283717565742,m2_1
313,-536.094640158361,2,4,0.354154299632264,m2_1
313,-536.094640158361,3,4,0.403797750778344,m2_1
316,-557.237724126044,0,2,0.031342649217697,m2_1
316,-557.237724126044,1,2,0.367776927093419,m2_1
316,-557.237724126044,2,2,1.34059919319969,m2_1
316,-557.237724126044,3,2,1.25469559356328,m2_1
316,-557.237724126044,0,4,0.0987454612514966,m2_1
316,-557.237724126044,1,4,0.227670815484368,m2_1
316,-557.237724126044,2,4,0.738139142987662,m2_1
316,-557.237724126044,3,4,1.77412422068811,m2_1
318,-557.237724126044,0,2,0.701674239450899,m2_1
318,-557.237724126044,1,2,0.413059240919247,m2_1
318,-557.237724126044,2,2,0.914544736605936,m2_1
318,-557.237724126044,3,2,1.04657288787751,m2_1
318,-557.237724126044,0,4,0.852990611866663,m2_1
318,-557.237724126044,1,4,0.275040888587781,m2_1
318,-557.237724126044,2,4,0.956820088621814,m2_1
318,-557.237724126044,3,4,0.930369294144986,m2_1
321,-536.094640158361,0,2,0.0587878642372684,m2_1
321,-536.094640158361,1,2,0.766471897350625,m2_1
321,-536.094640158361,2,2,0.878591776981582,m2_1
321,-536.094640158361,3,2,1.05520280902699,m2_1
321,-536.094640158361,0,4,0.0712345922271044,m2_1
321,-536.094640158361,1,4,0.399609685037354,m2_1
321,-536.094640158361,2,4,0.730635349549025,m2_1
321,-536.094640158361,3,4,1.09416479075762,m2_1
324,-514.951556190678,0,2,0.0482210794379761,m2_1
324,-514.951556190678,1,2,0.118898033334411,m2_1
324,-514.951556190678,2,2,0.433086672350133,m2_1
324,-514.951556190678,3,2,0.706249039340848,m2_1
324,-514.951556190678,0,4,0.0602540717000725,m2_1
324,-514.951556190678,1,4,0.181613174398906,m2_1
324,-514.951556190678,2,4,0.303038596679423,m2_1
324,-514.951556190678,3,4,0.557052537313586,m2_1
328,-493.808472222995,0,2,0.535540070141177,m2_1
328,-493.808472222995,1,2,0.365626485312562,m2_1
328,-493.808472222995,2,2,0.669589562611661,m2_1
328,-493.808472222995,3,2,0.868964793001991,m2_1
328,-493.808472222995,0,4,0.543207122024841,m2_1
328,-493.808472222995,1,4,0.262479030343107,m2_1
328,-493.808472222995,2,4,0.417717910587523,m2_1
328,-493.808472222995,3,4,0.635015125660173,m2_1
341,-472.665388255312,0,2,0.0976224627164897,m2_1
341,-472.665388255312,1,2,0.150639981163566,m2_1
341,-472.665388255312,2,2,0.640435928453528,m2_1
341,-472.665388255312,3,2,0.612357259538196,m2_1
341,-472.665388255312,0,4,0.0541135850857762,m2_1
341,-472.665388255312,1,4,0.283019912482512,m2_1
341,-472.665388255312,2,4,0.441788698649352,m2_1
341,-472.665388255312,3,4,0.511776536164453,m2_1
344,-472.665388255312,0,2,0.148632717178321,m2_1
344,-472.665388255312,1,2,0.225080637269615,m2_1
344,-472.665388255312,2,2,0.339668858276315,m2_1
344,-472.665388255312,3,2,0.546407737935848,m2_1
344,-472.665388255312,0,4,0.17324180417753,m2_1
344,-472.665388255312,1,4,0.259497944368323,m2_1
344,-472.665388255312,2,4,0.441134223008849,m2_1
344,-472.665388255312,3,4,0.433146189123621,m2_1
345,-472.665388255312,0,2,0.0589332706288374,m2_1
345,-472.665388255312,1,2,0.54935402332782,m2_1
345,-472.665388255312,2,2,0.800925814667556,m2_1
345,-472.665388255312,3,2,0.611044443723956,m2_1
345,-472.665388255312,0,4,0.0926063967150795,m2_1
345,-472.665388255312,1,4,0.116541452372046,m2_1
345,-472.665388255312,2,4,0.562854594247828,m2_1
345,-472.665388255312,3,4,0.863201119674407,m2_1
374,-324.663800481531,0,2,0.715841253658905,m2_1
374,-324.663800481531,1,2,0.297556227677171,m2_1
374,-324.663800481531,2,2,0.421137937595012,m2_1
374,-324.663800481531,3,2,0.663207502805058,m2_1
374,-324.663800481531,0,4,0.594615880719586,m2_1
374,-324.663800481531,1,4,0.110451702401821,m2_1
374,-324.663800481531,2,4,0.488484639818878,m2_1
374,-324.663800481531,3,4,0.565743465078995,m2_1
381,-303.520716513848,0,2,0.0584245395485396,m2_1
381,-303.520716513848,1,2,0.209645610153874,m2_1
381,-303.520716513848,2,2,0.622015023377796,m2_1
381,-303.520716513848,3,2,0.631443617842705,m2_1
381,-303.520716513848,0,4,0.0605021273024094,m2_1
381,-303.520716513848,1,4,0.105478268525507,m2_1
381,-303.520716513848,2,4,0.396698789832585,m2_1
381,-303.520716513848,3,4,0.467363560512497,m2_1
4,-1576.33437136836,0,1,0.752967452622051,m2_2
4,-1576.33437136836,1,1,0.327659462832299,m2_2
4,-1576.33437136836,2,1,0.465741940965324,m2_2
4,-1576.33437136836,3,1,0.991558918301373,m2_2
4,-1576.33437136836,0,1.5,0.202407204002016,m2_2
4,-1576.33437136836,1,1.5,0.566872760596573,m2_2
4,-1576.33437136836,2,1.5,1.84428533547456,m2_2
4,-1576.33437136836,3,1.5,0.599554849081905,m2_2
4,-1576.33437136836,0,4,0.0950345752525934,m2_2
4,-1576.33437136836,1,4,0.153349196715647,m2_2
4,-1576.33437136836,2,4,0.603993810729578,m2_2
4,-1576.33437136836,3,4,0.357677385525885,m2_2
12,-1555.19128740068,0,1,1.3416503613946,m2_2
12,-1555.19128740068,1,1,0.691129932561428,m2_2
12,-1555.19128740068,2,1,1.41823296459017,m2_2
12,-1555.19128740068,3,1,1.72527659036005,m2_2
12,-1555.19128740068,0,1.5,0.521489817041272,m2_2
12,-1555.19128740068,1,1.5,0.913604540351822,m2_2
12,-1555.19128740068,2,1.5,1.49740526237145,m2_2
12,-1555.19128740068,3,1.5,0.800392263169302,m2_2
12,-1555.19128740068,0,4,0.222910359651968,m2_2
12,-1555.19128740068,1,4,0.732858988488755,m2_2
12,-1555.19128740068,2,4,1.36658424651218,m2_2
12,-1555.19128740068,3,4,0.800676854583481,m2_2
40,-1407.1896996269,0,1,1.02962809523974,m2_2
40,-1407.1896996269,1,1,0.875270128310137,m2_2
40,-1407.1896996269,2,1,1.18142451085658,m2_2
40,-1407.1896996269,3,1,1.52279470517542,m2_2
40,-1407.1896996269,0,1.5,0.288544288619601,m2_2
40,-1407.1896996269,1,1.5,0.858840393235964,m2_2
40,-1407.1896996269,2,1.5,1.20042674959051,m2_2
40,-1407.1896996269,3,1.5,0.808522569675557,m2_2
40,-1407.1896996269,0,4,0.230733113430927,m2_2
40,-1407.1896996269,1,4,0.525362294583583,m2_2
40,-1407.1896996269,2,4,1.00336540759411,m2_2
40,-1407.1896996269,3,4,0.939406230851875,m2_2
45,-1364.90353169153,0,1,1.32192603703056,m2_2
45,-1364.90353169153,1,1,0.816320758386632,m2_2
45,-1364.90353169153,2,1,1.03919924226717,m2_2
45,-1364.90353169153,3,1,1.24806292012375,m2_2
45,-1364.90353169153,0,1.5,0.415356273419025,m2_2
45,-1364.90353169153,1,1.5,1.03765747627828,m2_2
45,-1364.90353169153,2,1.5,0.93160698092563,m2_2
45,-1364.90353169153,3,1.5,1.03753894067518,m2_2
45,-1364.90353169153,0,4,0.326832844033978,m2_2
45,-1364.90353169153,1,4,0.651368583022923,m2_2
45,-1364.90353169153,2,4,1.41473195295544,m2_2
45,-1364.90353169153,3,4,1.07939499197878,m2_2
50,-1364.90353169153,0,1,1.30926541658691,m2_2
50,-1364.90353169153,1,1,1.06852142728601,m2_2
50,-1364.90353169153,2,1,1.38512230277316,m2_2
50,-1364.90353169153,3,1,1.54195427026222,m2_2
50,-1364.90353169153,0,1.5,0.544592647254335,m2_2
50,-1364.90353169153,1,1.5,1.18986038898374,m2_2
50,-1364.90353169153,2,1.5,0.994703768424228,m2_2
50,-1364.90353169153,3,1.5,1.14309127659245,m2_2
50,-1364.90353169153,0,4,0.174458760889724,m2_2
50,-1364.90353169153,1,4,0.742688107483027,m2_2
50,-1364.90353169153,2,4,1.41333993460006,m2_2
50,-1364.90353169153,3,4,0.651914572129564,m2_2
63,-1343.76044772385,0,1,1.20227952815032,m2_2
63,-1343.76044772385,1,1,0.59867930596168,m2_2
63,-1343.76044772385,2,1,1.14270567671543,m2_2
63,-1343.76044772385,3,1,1.21436969622923,m2_2
63,-1343.76044772385,0,1.5,0.650196298289039,m2_2
63,-1343.76044772385,1,1.5,1.18947752404576,m2_2
63,-1343.76044772385,2,1.5,1.27419852048546,m2_2
63,-1343.76044772385,3,1.5,1.25954541967717,m2_2
63,-1343.76044772385,0,4,0.459162319430582,m2_2
63,-1343.76044772385,1,4,0.68291891133906,m2_2
63,-1343.76044772385,2,4,1.47477048187309,m2_2
63,-1343.76044772385,3,4,1.39213348539053,m2_2
75,-1280.3311958208,0,1,1.09957890330217,m2_2
75,-1280.3311958208,1,1,0.696318084135046,m2_2
75,-1280.3311958208,2,1,1.1578320776957,m2_2
75,-1280.3311958208,3,1,1.21829395797505,m2_2
75,-1280.3311958208,0,1.5,0.467501564383632,m2_2
75,-1280.3311958208,1,1.5,0.88385495998645,m2_2
75,-1280.3311958208,2,1.5,0.794119560867658,m2_2
75,-1280.3311958208,3,1.5,0.894466856785246,m2_2
75,-1280.3311958208,0,4,0.445093631466051,m2_2
75,-1280.3311958208,1,4,0.669469091303747,m2_2
75,-1280.3311958208,2,4,1.16500862686728,m2_2
75,-1280.3311958208,3,4,0.902849243283703,m2_2
77,-1216.90194391775,0,1,0.227007091696746,m2_2
77,-1216.90194391775,1,1,1.11474503543044,m2_2
77,-1216.90194391775,2,1,1.69102843771588,m2_2
77,-1216.90194391775,3,1,0.749801726194095,m2_2
77,-1216.90194391775,0,1.5,0.197168636039968,m2_2
77,-1216.90194391775,1,1.5,0.766916448329295,m2_2
77,-1216.90194391775,2,1.5,1.37749019507528,m2_2
77,-1216.90194391775,3,1.5,0.798987860688897,m2_2
77,-1216.90194391775,0,4,0.0620739039429986,m2_2
77,-1216.90194391775,1,4,1.21639159100318,m2_2
77,-1216.90194391775,2,4,1.79806642297721,m2_2
77,-1216.90194391775,3,4,0.938617005510576,m2_2
84,-1216.90194391775,0,1,1.29446840679737,m2_2
84,-1216.90194391775,1,1,0.972002946610916,m2_2
84,-1216.90194391775,2,1,1.2417380933668,m2_2
84,-1216.90194391775,3,1,1.61403673509255,m2_2
84,-1216.90194391775,0,1.5,0.592855833953061,m2_2
84,-1216.90194391775,1,1.5,0.892703358427218,m2_2
84,-1216.90194391775,2,1.5,0.995995568081042,m2_2
84,-1216.90194391775,3,1.5,1.3770007984097,m2_2
84,-1216.90194391775,0,4,0.775209917517459,m2_2
84,-1216.90194391775,1,4,0.537434686995437,m2_2
84,-1216.90194391775,2,4,1.65824516029803,m2_2
84,-1216.90194391775,3,4,1.14194783757675,m2_2
85,-1259.18811185312,0,1,1.092274874959,m2_2
85,-1259.18811185312,1,1,0.971214077758994,m2_2
85,-1259.18811185312,2,1,1.29895695714492,m2_2
85,-1259.18811185312,3,1,1.17840214891894,m2_2
85,-1259.18811185312,0,1.5,0.739599448510887,m2_2
85,-1259.18811185312,1,1.5,1.01631394920792,m2_2
85,-1259.18811185312,2,1.5,1.15608034259811,m2_2
85,-1259.18811185312,3,1.5,1.28129169055791,m2_2
85,-1259.18811185312,0,4,0.455753491385952,m2_2
85,-1259.18811185312,1,4,0.737437633099609,m2_2
85,-1259.18811185312,2,4,2.10300758151771,m2_2
85,-1259.18811185312,3,4,1.06743887239785,m2_2
125,-1047.75727217629,0,1,0.282015860138987,m2_2
125,-1047.75727217629,1,1,0.923598258957552,m2_2
125,-1047.75727217629,2,1,0.902555690043574,m2_2
125,-1047.75727217629,3,1,1.23735269284941,m2_2
125,-1047.75727217629,0,1.5,0.13369552816661,m2_2
125,-1047.75727217629,1,1.5,0.617324503082538,m2_2
125,-1047.75727217629,2,1.5,1.22384529880134,m2_2
125,-1047.75727217629,3,1.5,1.05003583659416,m2_2
125,-1047.75727217629,0,4,0.132619615482096,m2_2
125,-1047.75727217629,1,4,0.435093646256562,m2_2
125,-1047.75727217629,2,4,0.946604246909561,m2_2
125,-1047.75727217629,3,4,1.01442089169777,m2_2
129,-1026.6141882086,0,1,0.414349936697802,m2_2
129,-1026.6141882086,1,1,0.611282443163472,m2_2
129,-1026.6141882086,2,1,0.86326160491577,m2_2
129,-1026.6141882086,3,1,0.645559230516336,m2_2
129,-1026.6141882086,0,1.5,0.234741783691643,m2_2
129,-1026.6141882086,1,1.5,0.345155437607299,m2_2
129,-1026.6141882086,2,1.5,1.23448978501629,m2_2
129,-1026.6141882086,3,1.5,0.594426490345962,m2_2
129,-1026.6141882086,0,4,0.180316041825227,m2_2
129,-1026.6141882086,1,4,0.765638394630756,m2_2
129,-1026.6141882086,2,4,1.47216533168698,m2_2
129,-1026.6141882086,3,4,0.766962399510142,m2_2
177,-815.183348531776,0,1,0.208209662408124,m2_2
177,-815.183348531776,1,1,0.860208412240671,m2_2
177,-815.183348531776,2,1,0.889672231392331,m2_2
177,-815.183348531776,3,1,1.01530522182422,m2_2
177,-815.183348531776,0,1.5,0.0980325242964511,m2_2
177,-815.183348531776,1,1.5,0.536405846434005,m2_2
177,-815.183348531776,2,1.5,0.911309534559265,m2_2
177,-815.183348531776,3,1.5,0.972325343155638,m2_2
177,-815.183348531776,0,4,0.067817996332436,m2_2
177,-815.183348531776,1,4,0.387675129928212,m2_2
177,-815.183348531776,2,4,0.813447182729465,m2_2
177,-815.183348531776,3,4,0.871740803164663,m2_2
178,-836.326432499459,0,1,0.338888338041475,m2_2
178,-836.326432499459,1,1,0.454720151982844,m2_2
178,-836.326432499459,2,1,0.959778203977107,m2_2
178,-836.326432499459,3,1,0.928010732840746,m2_2
178,-836.326432499459,0,1.5,0.271634280455313,m2_2
178,-836.326432499459,1,1.5,0.365169114595834,m2_2
178,-836.326432499459,2,1.5,0.749624725514455,m2_2
178,-836.326432499459,3,1.5,0.905038983022589,m2_2
178,-836.326432499459,0,4,0.348155877005411,m2_2
178,-836.326432499459,1,4,0.366418837074027,m2_2
178,-836.326432499459,2,4,0.887682520720037,m2_2
178,-836.326432499459,3,4,0.73655718427488,m2_2
179,-815.183348531776,0,1,0.438646255971516,m2_2
179,-815.183348531776,1,1,0.0997231582544911,m2_2
179,-815.183348531776,2,1,0.975901607048104,m2_2
179,-815.183348531776,3,1,0.637289045157285,m2_2
179,-815.183348531776,0,1.5,0.458290145375135,m2_2
179,-815.183348531776,1,1.5,0.196746214687683,m2_2
179,-815.183348531776,2,1.5,0.768637384396147,m2_2
179,-815.183348531776,3,1.5,1.45785572142846,m2_2
179,-815.183348531776,0,4,0.536071297587065,m2_2
179,-815.183348531776,1,4,0.66520498614037,m2_2
179,-815.183348531776,2,4,0.430979966680746,m2_2
179,-815.183348531776,3,4,1.36814354714901,m2_2
185,-815.183348531776,0,1,0.0795075422978323,m2_2
185,-815.183348531776,1,1,0.279944582662978,m2_2
185,-815.183348531776,2,1,0.977902478411398,m2_2
185,-815.183348531776,3,1,1.61172401532779,m2_2
185,-815.183348531776,0,1.5,0.140783875896034,m2_2
185,-815.183348531776,1,1.5,0.311067533771107,m2_2
185,-815.183348531776,2,1.5,0.900289717729379,m2_2
185,-815.183348531776,3,1.5,1.32775762842802,m2_2
185,-815.183348531776,0,4,0.0370519450903525,m2_2
185,-815.183348531776,1,4,0.109649521495054,m2_2
185,-815.183348531776,2,4,1.11663942213836,m2_2
185,-815.183348531776,3,4,0.886142775847567,m2_2
186,-815.183348531776,0,1,0.447959029507136,m2_2
186,-815.183348531776,1,1,0.668522629904984,m2_2
186,-815.183348531776,2,1,0.850672384377212,m2_2
186,-815.183348531776,3,1,0.89177605405654,m2_2
186,-815.183348531776,0,1.5,0.381633277917341,m2_2
186,-815.183348531776,1,1.5,0.553661673412288,m2_2
186,-815.183348531776,2,1.5,0.85235746097144,m2_2
186,-815.183348531776,3,1.5,0.827769640047162,m2_2
186,-815.183348531776,0,4,0.260592119587707,m2_2
186,-815.183348531776,1,4,0.492065802525107,m2_2
186,-815.183348531776,2,4,0.82344561866232,m2_2
186,-815.183348531776,3,4,0.888859102935866,m2_2
194,-772.89718059641,0,1,0.376748173985597,m2_2
194,-772.89718059641,1,1,0.380334332230188,m2_2
194,-772.89718059641,2,1,0.835032977565816,m2_2
194,-772.89718059641,3,1,0.894637136692983,m2_2
194,-772.89718059641,0,1.5,0.244456552782982,m2_2
194,-772.89718059641,1,1.5,0.415053105382466,m2_2
194,-772.89718059641,2,1.5,0.632661929612543,m2_2
194,-772.89718059641,3,1.5,0.799919612348654,m2_2
194,-772.89718059641,0,4,0.849052496079435,m2_2
194,-772.89718059641,1,4,0.410723426827993,m2_2
194,-772.89718059641,2,4,1.04167551040964,m2_2
194,-772.89718059641,3,4,0.761061079391145,m2_2
200,-730.611012661044,0,1,0.21595863153415,m2_2
200,-730.611012661044,1,1,0.346930749376274,m2_2
200,-730.611012661044,2,1,0.815642002862854,m2_2
200,-730.611012661044,3,1,0.924479978065548,m2_2
200,-730.611012661044,0,1.5,0.134957520002403,m2_2
200,-730.611012661044,1,1.5,0.398743725648937,m2_2
200,-730.611012661044,2,1.5,0.601368428138589,m2_2
200,-730.611012661044,3,1.5,0.890972537259342,m2_2
200,-730.611012661044,0,4,0.102940383223297,m2_2
200,-730.611012661044,1,4,0.372983092826163,m2_2
200,-730.611012661044,2,4,0.756137024624537,m2_2
200,-730.611012661044,3,4,0.796461989374957,m2_2
201,-751.754096628727,0,1,0.348405603410739,m2_2
201,-751.754096628727,1,1,0.253785923348285,m2_2
201,-751.754096628727,2,1,0.73115477528683,m2_2
201,-751.754096628727,3,1,0.957428183007205,m2_2
201,-751.754096628727,0,1.5,0.228247479293219,m2_2
201,-751.754096628727,1,1.5,0.524648450196489,m2_2
201,-751.754096628727,2,1.5,0.637429012614607,m2_2
201,-751.754096628727,3,1.5,0.820574655645243,m2_2
201,-751.754096628727,0,4,0.406147078981439,m2_2
201,-751.754096628727,1,4,0.444537646749721,m2_2
201,-751.754096628727,2,4,0.903110806875895,m2_2
201,-751.754096628727,3,4,0.658819122364932,m2_2
210,-688.324844725678,0,1,0.206175076778595,m2_2
210,-688.324844725678,1,1,0.324435169529682,m2_2
210,-688.324844725678,2,1,0.645006284690075,m2_2
210,-688.324844725678,3,1,0.769467608408863,m2_2
210,-688.324844725678,0,1.5,0.407762447323962,m2_2
210,-688.324844725678,1,1.5,0.324669718862867,m2_2
210,-688.324844725678,2,1.5,0.438179275430032,m2_2
210,-688.324844725678,3,1.5,0.707709151250137,m2_2
210,-688.324844725678,0,4,0.743977096067596,m2_2
210,-688.324844725678,1,4,0.187755484080289,m2_2
210,-688.324844725678,2,4,0.477016057981561,m2_2
210,-688.324844725678,3,4,0.592669703938833,m2_2
213,-646.038676790312,0,1,0.443343901565969,m2_2
213,-646.038676790312,1,1,0.768489845328612,m2_2
213,-646.038676790312,2,1,0.825679382460634,m2_2
213,-646.038676790312,3,1,0.861658400415646,m2_2
213,-646.038676790312,0,1.5,0.366184287937235,m2_2
213,-646.038676790312,1,1.5,0.599978719791916,m2_2
213,-646.038676790312,2,1.5,0.864254368164863,m2_2
213,-646.038676790312,3,1.5,0.973006358217516,m2_2
213,-646.038676790312,0,4,0.291624011156712,m2_2
213,-646.038676790312,1,4,0.512258364921426,m2_2
213,-646.038676790312,2,4,0.782552822950672,m2_2
213,-646.038676790312,3,4,0.840270744119564,m2_2
217,-646.038676790312,0,1,0.144766343624714,m2_2
217,-646.038676790312,1,1,0.933444063209587,m2_2
217,-646.038676790312,2,1,0.856554412858362,m2_2
217,-646.038676790312,3,1,1.18072636372121,m2_2
217,-646.038676790312,0,1.5,0.0961373776796435,m2_2
217,-646.038676790312,1,1.5,0.522188229668536,m2_2
217,-646.038676790312,2,1.5,0.967419582640803,m2_2
217,-646.038676790312,3,1.5,1.04549688103741,m2_2
217,-646.038676790312,0,4,0.110683955335726,m2_2
217,-646.038676790312,1,4,0.217539876823218,m2_2
217,-646.038676790312,2,4,0.875153589062698,m2_2
217,-646.038676790312,3,4,0.943067503088747,m2_2
223,-603.752508854946,0,1,0.103620400025326,m2_2
223,-603.752508854946,1,1,1.1566943062256,m2_2
223,-603.752508854946,2,1,0.659372402959622,m2_2
223,-603.752508854946,3,1,1.04622345490958,m2_2
223,-603.752508854946,0,1.5,0.0664711801154352,m2_2
223,-603.752508854946,1,1.5,0.831765743097495,m2_2
223,-603.752508854946,2,1.5,0.956577913053403,m2_2
223,-603.752508854946,3,1.5,1.39544159542587,m2_2
223,-603.752508854946,0,4,0.0458281110661948,m2_2
223,-603.752508854946,1,4,0.617361934667936,m2_2
223,-603.752508854946,2,4,0.953233461068507,m2_2
223,-603.752508854946,3,4,1.1476109589844,m2_2
226,-603.752508854946,0,1,0.183110038335748,m2_2
226,-603.752508854946,1,1,0.23828280968343,m2_2
226,-603.752508854946,2,1,0.998381194108727,m2_2
226,-603.752508854946,3,1,1.04699378473269,m2_2
226,-603.752508854946,0,1.5,0.129373470162094,m2_2
226,-603.752508854946,1,1.5,0.44291082838661,m2_2
226,-603.752508854946,2,1.5,1.00084123392784,m2_2
226,-603.752508854946,3,1.5,0.933854641980884,m2_2
226,-603.752508854946,0,4,0.246934303878427,m2_2
226,-603.752508854946,1,4,0.336459630633891,m2_2
226,-603.752508854946,2,4,0.898931050061649,m2_2
226,-603.752508854946,3,4,1.0685645482765,m2_2
228,-603.752508854946,0,1,0.224860377618688,m2_2
228,-603.752508854946,1,1,0.589382157492803,m2_2
228,-603.752508854946,2,1,0.78338835374546,m2_2
228,-603.752508854946,3,1,0.622967471579365,m2_2
228,-603.752508854946,0,1.5,0.224393532444326,m2_2
228,-603.752508854946,1,1.5,0.382225581106258,m2_2
228,-603.752508854946,2,1.5,0.596829763950247,m2_2
228,-603.752508854946,3,1.5,0.882481466031784,m2_2
228,-603.752508854946,0,4,0.192714541226621,m2_2
228,-603.752508854946,1,4,0.428385336217698,m2_2
228,-603.752508854946,2,4,0.565895696578588,m2_2
228,-603.752508854946,3,4,0.746297390516945,m2_2
232,-540.323256951897,0,1,0.161259055024884,m2_2
232,-540.323256951897,1,1,0.238154291033278,m2_2
232,-540.323256951897,2,1,0.71293947611351,m2_2
232,-540.323256951897,3,1,0.856762837576376,m2_2
232,-540.323256951897,0,1.5,0.149628985708313,m2_2
232,-540.323256951897,1,1.5,0.313901118019183,m2_2
232,-540.323256951897,2,1.5,0.676313069296495,m2_2
232,-540.323256951897,3,1.5,0.732070173251649,m2_2
232,-540.323256951897,0,4,0.406543062314794,m2_2
232,-540.323256951897,1,4,0.104783313502137,m2_2
232,-540.323256951897,2,4,0.687939777921952,m2_2
232,-540.323256951897,3,4,0.811846019426766,m2_2
237,-582.609424887263,0,1,0.344978235972076,m2_2
237,-582.609424887263,1,1,0.949412775407491,m2_2
237,-582.609424887263,2,1,1.96533619638248,m2_2
237,-582.609424887263,3,1,1.10406407792089,m2_2
237,-582.609424887263,0,1.5,0.106470673267901,m2_2
237,-582.609424887263,1,1.5,1.50895117045312,m2_2
237,-582.609424887263,2,1.5,2.33324214017438,m2_2
237,-582.609424887263,3,1.5,2.28914594061183,m2_2
237,-582.609424887263,0,4,0.288415096110981,m2_2
237,-582.609424887263,1,4,0.302653689022537,m2_2
237,-582.609424887263,2,4,0.99142896970681,m2_2
237,-582.609424887263,3,4,1.11753699950085,m2_2
239,-561.46634091958,0,1,0.179262712382718,m2_2
239,-561.46634091958,1,1,0.147642279602368,m2_2
239,-561.46634091958,2,1,0.299683155034179,m2_2
239,-561.46634091958,3,1,0.23209673360032,m2_2
239,-561.46634091958,0,1.5,0.153739640208789,m2_2
239,-561.46634091958,1,1.5,0.0896040419265239,m2_2
239,-561.46634091958,2,1.5,0.191218902621781,m2_2
239,-561.46634091958,3,1.5,0.275428062138624,m2_2
239,-561.46634091958,0,4,0.253522449002974,m2_2
239,-561.46634091958,1,4,0.0965315314623895,m2_2
239,-561.46634091958,2,4,0.134703022077903,m2_2
239,-561.46634091958,3,4,0.51018710604609,m2_2
241,-561.46634091958,0,1,0.256375189763809,m2_2
241,-561.46634091958,1,1,0.200398046285373,m2_2
241,-561.46634091958,2,1,0.550142414906936,m2_2
241,-561.46634091958,3,1,0.778850150113011,m2_2
241,-561.46634091958,0,1.5,0.44401997918399,m2_2
241,-561.46634091958,1,1.5,0.156417609104215,m2_2
241,-561.46634091958,2,1.5,0.756799523825851,m2_2
241,-561.46634091958,3,1.5,1.07028171446836,m2_2
241,-561.46634091958,0,4,0.112696224069891,m2_2
241,-561.46634091958,1,4,0.149444391428302,m2_2
241,-561.46634091958,2,4,0.711011450876713,m2_2
241,-561.46634091958,3,4,0.446517317161523,m2_2
242,-582.609424887263,0,1,0.168720398305493,m2_2
242,-582.609424887263,1,1,0.0660236123830891,m2_2
242,-582.609424887263,2,1,0.89765731218719,m2_2
242,-582.609424887263,3,1,1.53898958566903,m2_2
242,-582.609424887263,0,1.5,0.354165418680895,m2_2
242,-582.609424887263,1,1.5,0.354388183260031,m2_2
242,-582.609424887263,2,1.5,0.587270652609433,m2_2
242,-582.609424887263,3,1.5,1.24132758202838,m2_2
242,-582.609424887263,0,4,0.259305716012144,m2_2
242,-582.609424887263,1,4,0.174559295107037,m2_2
242,-582.609424887263,2,4,0.576737817390107,m2_2
242,-582.609424887263,3,4,0.760461497398184,m2_2
246,-582.609424887263,0,1,0.317291795889345,m2_2
246,-582.609424887263,1,1,0.726024187983448,m2_2
246,-582.609424887263,2,1,0.6433287557276,m2_2
246,-582.609424887263,3,1,1.02235957069342,m2_2
246,-582.609424887263,0,1.5,0.225485936770256,m2_2
246,-582.609424887263,1,1.5,0.493270557609367,m2_2
246,-582.609424887263,2,1.5,0.562298838091449,m2_2
246,-582.609424887263,3,1.5,0.83684699483913,m2_2
246,-582.609424887263,0,4,0.644272099349872,m2_2
246,-582.609424887263,1,4,0.248591653725278,m2_2
246,-582.609424887263,2,4,0.586342564983425,m2_2
246,-582.609424887263,3,4,0.796002826169997,m2_2
251,-582.609424887263,0,1,0.288546056222407,m2_2
251,-582.609424887263,1,1,0.407901345452064,m2_2
251,-582.609424887263,2,1,0.860323997587453,m2_2
251,-582.609424887263,3,1,0.750696092802298,m2_2
251,-582.609424887263,0,1.5,0.0145539279127463,m2_2
251,-582.609424887263,1,1.5,0.334640323061617,m2_2
251,-582.609424887263,2,1.5,0.380361550056741,m2_2
251,-582.609424887263,3,1.5,0.767601483308809,m2_2
251,-582.609424887263,0,4,0.0258491456129193,m2_2
251,-582.609424887263,1,4,0.2058961872881,m2_2
251,-582.609424887263,2,4,0.930468956255632,m2_2
251,-582.609424887263,3,4,0.724783578625811,m2_2
256,-540.323256951897,0,1,0.119323558544664,m2_2
256,-540.323256951897,1,1,0.612497745914943,m2_2
256,-540.323256951897,2,1,0.697579003424206,m2_2
256,-540.323256951897,3,1,1.1860636755922,m2_2
256,-540.323256951897,0,1.5,0.0664102525361957,m2_2
256,-540.323256951897,1,1.5,0.676307203789062,m2_2
256,-540.323256951897,2,1.5,0.582928793166781,m2_2
256,-540.323256951897,3,1.5,1.09789264336596,m2_2
256,-540.323256951897,0,4,0.0959513574306624,m2_2
256,-540.323256951897,1,4,0.245339603878116,m2_2
256,-540.323256951897,2,4,0.481576475709735,m2_2
256,-540.323256951897,3,4,0.969617909147307,m2_2
264,-476.894005048849,0,1,0.106324161301021,m2_2
264,-476.894005048849,1,1,1.5279795563483e-24,m2_2
264,-476.894005048849,2,1,0.433649445202014,m2_2
264,-476.894005048849,3,1,0.3580246821951,m2_2
264,-476.894005048849,0,1.5,0.117740162105417,m2_2
264,-476.894005048849,1,1.5,0.296768260483242,m2_2
264,-476.894005048849,2,1.5,0.174149973844142,m2_2
264,-476.894005048849,3,1.5,0.230189745296193,m2_2
264,-476.894005048849,0,4,0.130609510093082,m2_2
264,-476.894005048849,1,4,0.0622206076589394,m2_2
264,-476.894005048849,2,4,0.089759498540588,m2_2
264,-476.894005048849,3,4,0.0334754240107478,m2_2
269,-476.894005048849,0,1,0.106202203944155,m2_2
269,-476.894005048849,1,1,0.298242890455334,m2_2
269,-476.894005048849,2,1,0.445731797208297,m2_2
269,-476.894005048849,3,1,1.00997863613075,m2_2
269,-476.894005048849,0,1.5,0.0627500446951095,m2_2
269,-476.894005048849,1,1.5,0.355719555031732,m2_2
269,-476.894005048849,2,1.5,0.992603550630511,m2_2
269,-476.894005048849,3,1.5,1.16148923748342,m2_2
269,-476.894005048849,0,4,0.486747697705882,m2_2
269,-476.894005048849,1,4,0.226700059171234,m2_2
269,-476.894005048849,2,4,0.78382812774229,m2_2
269,-476.894005048849,3,4,0.912843426862491,m2_2
309,-307.749333307385,0,1,0.302969423326783,m2_2
309,-307.749333307385,1,1,0.107731363770342,m2_2
309,-307.749333307385,2,1,0.438077640423132,m2_2
309,-307.749333307385,3,1,1.29826073462103,m2_2
309,-307.749333307385,0,1.5,0.269402231461098,m2_2
309,-307.749333307385,1,1.5,0.170954869446124,m2_2
309,-307.749333307385,2,1.5,0.23952997021119,m2_2
309,-307.749333307385,3,1.5,0.804624031933437,m2_2
309,-307.749333307385,0,4,0.0527772306791213,m2_2
309,-307.749333307385,1,4,0.17721660725948,m2_2
309,-307.749333307385,2,4,0.301026649369602,m2_2
309,-307.749333307385,3,4,0.595752447108214,m2_2
314,-328.892417275068,0,1,0.131214490402169,m2_2
314,-328.892417275068,1,1,0.173478364413376,m2_2
314,-328.892417275068,2,1,0.526205660134018,m2_2
314,-328.892417275068,3,1,0.676862025227081,m2_2
314,-328.892417275068,0,1.5,0.230710562999281,m2_2
314,-328.892417275068,1,1.5,0.231095652100721,m2_2
314,-328.892417275068,2,1.5,0.342730920471162,m2_2
314,-328.892417275068,3,1.5,0.631499140245502,m2_2
314,-328.892417275068,0,4,0.963275541714902,m2_2
314,-328.892417275068,1,4,0.24879447463444,m2_2
314,-328.892417275068,2,4,0.325192058084768,m2_2
314,-328.892417275068,3,4,0.373353678487549,m2_2
326,-265.463165372019,0,1,0.0605178421318802,m2_2
326,-265.463165372019,1,1,0.375524770018649,m2_2
326,-265.463165372019,2,1,0.305288959425976,m2_2
326,-265.463165372019,3,1,1.08221339020814,m2_2
326,-265.463165372019,0,1.5,0.0641768519479158,m2_2
326,-265.463165372019,1,1.5,0.337004343010758,m2_2
326,-265.463165372019,2,1.5,0.309719744377651,m2_2
326,-265.463165372019,3,1.5,0.428049853897718,m2_2
326,-265.463165372019,0,4,0.104516706582027,m2_2
326,-265.463165372019,1,4,0.0856746908873691,m2_2
326,-265.463165372019,2,4,0.0770844090992013,m2_2
326,-265.463165372019,3,4,0.492615655615565,m2_2
328,-688.324844725678,0,1,0.190878253461413,m2_2
328,-688.324844725678,1,1,1.08142076525975,m2_2
328,-688.324844725678,2,1,0.970375922664015,m2_2
328,-688.324844725678,3,1,1.05264408748999,m2_2
328,-688.324844725678,0,1.5,0.190855590198478,m2_2
328,-688.324844725678,1,1.5,0.599944738727342,m2_2
328,-688.324844725678,2,1.5,0.948851069804344,m2_2
328,-688.324844725678,3,1.5,1.04854093314758,m2_2
328,-688.324844725678,0,4,0.0755980001377833,m2_2
328,-688.324844725678,1,4,0.312433659410896,m2_2
328,-688.324844725678,2,4,0.840594896203382,m2_2
328,-688.324844725678,3,4,0.999798329096263,m2_2
0,-2306.9453840294,0,1,0.854253869085491,m2_2
0,-2306.9453840294,1,1,1.02230148541033,m2_2
0,-2306.9453840294,2,1,0.954495982310316,m2_2
0,-2306.9453840294,3,1,0.863833855870784,m2_2
0,-2306.9453840294,0,1.5,0.937106912062051,m2_2
0,-2306.9453840294,1,1.5,0.872637339978413,m2_2
0,-2306.9453840294,2,1.5,0.944755043544624,m2_2
0,-2306.9453840294,3,1.5,0.842359139923952,m2_2
0,-2306.9453840294,0,4,0.960323739729215,m2_2
0,-2306.9453840294,1,4,1.01462853379222,m2_2
0,-2306.9453840294,2,4,1.02429018261065,m2_2
0,-2306.9453840294,3,4,0.896710778094543,m2_2
1,-2285.80230006172,0,1,1.30219853725382,m2_2
1,-2285.80230006172,1,1,1.40265489410312,m2_2
1,-2285.80230006172,2,1,0.96212972843061,m2_2
1,-2285.80230006172,3,1,1.03945209187503,m2_2
1,-2285.80230006172,0,1.5,0.881618347732619,m2_2
1,-2285.80230006172,1,1.5,1.1792059204178,m2_2
1,-2285.80230006172,2,1.5,0.977462012474263,m2_2
1,-2285.80230006172,3,1.5,1.06192824007599,m2_2
1,-2285.80230006172,0,4,0.886083556223343,m2_2
1,-2285.80230006172,1,4,0.96975531129313,m2_2
1,-2285.80230006172,2,4,1.2631183942053,m2_2
1,-2285.80230006172,3,4,0.970179410842158,m2_2
5,-2349.23155196477,0,1,0.898432377116325,m2_2
5,-2349.23155196477,1,1,1.0063047468098,m2_2
5,-2349.23155196477,2,1,0.996955701376666,m2_2
5,-2349.23155196477,3,1,0.895123581468159,m2_2
5,-2349.23155196477,0,1.5,0.856071594461371,m2_2
5,-2349.23155196477,1,1.5,0.972056129213022,m2_2
5,-2349.23155196477,2,1.5,0.970223328621768,m2_2
5,-2349.23155196477,3,1.5,0.877477252266591,m2_2
5,-2349.23155196477,0,4,0.918797543599957,m2_2
5,-2349.23155196477,1,4,1.05334353067701,m2_2
5,-2349.23155196477,2,4,0.990929891000815,m2_2
5,-2349.23155196477,3,4,0.925183573453617,m2_2
12,-2285.80230006172,0,1,0.836090813614148,m2_2
12,-2285.80230006172,1,1,0.958738168852197,m2_2
12,-2285.80230006172,2,1,0.940856281406686,m2_2
12,-2285.80230006172,3,1,0.931634784294823,m2_2
12,-2285.80230006172,0,1.5,0.920002136833219,m2_2
12,-2285.80230006172,1,1.5,0.971393426049686,m2_2
12,-2285.80230006172,2,1.5,0.864810185138637,m2_2
12,-2285.80230006172,3,1.5,0.924433593938807,m2_2
12,-2285.80230006172,0,4,0.940606269156956,m2_2
12,-2285.80230006172,1,4,1.05838157084978,m2_2
12,-2285.80230006172,2,4,0.914464348475969,m2_2
12,-2285.80230006172,3,4,0.909898656059924,m2_2
18,-2264.65921609404,0,1,1.00523556400706,m2_2
18,-2264.65921609404,1,1,1.04694835849189,m2_2
18,-2264.65921609404,2,1,1.13415842152827,m2_2
18,-2264.65921609404,3,1,0.938655656133297,m2_2
18,-2264.65921609404,0,1.5,0.899310962464548,m2_2
18,-2264.65921609404,1,1.5,1.09971447673883,m2_2
18,-2264.65921609404,2,1.5,1.00198732478507,m2_2
18,-2264.65921609404,3,1.5,1.0547963564172,m2_2
18,-2264.65921609404,0,4,0.923305023140789,m2_2
18,-2264.65921609404,1,4,0.937768193480289,m2_2
18,-2264.65921609404,2,4,1.10165636675741,m2_2
18,-2264.65921609404,3,4,0.955012645073514,m2_2
19,-2243.51613212636,0,1,0.799478452258118,m2_2
19,-2243.51613212636,1,1,0.872634336146024,m2_2
19,-2243.51613212636,2,1,0.799605465328503,m2_2
19,-2243.51613212636,3,1,0.830283595041891,m2_2
19,-2243.51613212636,0,1.5,0.955143906756504,m2_2
19,-2243.51613212636,1,1.5,0.934471593753283,m2_2
19,-2243.51613212636,2,1.5,0.86128562878239,m2_2
19,-2243.51613212636,3,1.5,0.799507941188927,m2_2
19,-2243.51613212636,0,4,0.917617730042721,m2_2
19,-2243.51613212636,1,4,1.04347193463935,m2_2
19,-2243.51613212636,2,4,0.91693833307305,m2_2
19,-2243.51613212636,3,4,0.92518262363664,m2_2
22,-2222.37304815867,0,1,0.918500055780668,m2_2
22,-2222.37304815867,1,1,1.06196966905004,m2_2
22,-2222.37304815867,2,1,1.02691471397272,m2_2
22,-2222.37304815867,3,1,0.874577682395898,m2_2
22,-2222.37304815867,0,1.5,0.997375962847891,m2_2
22,-2222.37304815867,1,1.5,0.888388402636992,m2_2
22,-2222.37304815867,2,1.5,0.958073028498275,m2_2
22,-2222.37304815867,3,1.5,0.887686322478227,m2_2
22,-2222.37304815867,0,4,0.99817491276125,m2_2
22,-2222.37304815867,1,4,1.03883237827255,m2_2
22,-2222.37304815867,2,4,1.02580923829406,m2_2
22,-2222.37304815867,3,4,0.925002506392926,m2_2
25,-2222.37304815867,0,1,1.00847821075501,m2_2
25,-2222.37304815867,1,1,1.24937701028815,m2_2
25,-2222.37304815867,2,1,1.51651172058877,m2_2
25,-2222.37304815867,3,1,1.05877906189827,m2_2
25,-2222.37304815867,0,1.5,0.964416326702547,m2_2
25,-2222.37304815867,1,1.5,0.610610585535209,m2_2
25,-2222.37304815867,2,1.5,1.92197511201485,m2_2
25,-2222.37304815867,3,1.5,1.13035709860881,m2_2
25,-2222.37304815867,0,4,0.798190138408527,m2_2
25,-2222.37304815867,1,4,1.12588808654683,m2_2
25,-2222.37304815867,2,4,1.58566554239887,m2_2
25,-2222.37304815867,3,4,1.48635274974369,m2_2
26,-2222.37304815867,0,1,0.969710921477808,m2_2
26,-2222.37304815867,1,1,0.956298413473593,m2_2
26,-2222.37304815867,2,1,1.10851390649435,m2_2
26,-2222.37304815867,3,1,0.854071572260807,m2_2
26,-2222.37304815867,0,1.5,0.81612485942532,m2_2
26,-2222.37304815867,1,1.5,1.22607007666759,m2_2
26,-2222.37304815867,2,1.5,1.14968710075286,m2_2
26,-2222.37304815867,3,1.5,0.945933475241876,m2_2
26,-2222.37304815867,0,4,0.863516121081828,m2_2
26,-2222.37304815867,1,4,1.09329240777901,m2_2
26,-2222.37304815867,2,4,1.10083016478818,m2_2
26,-2222.37304815867,3,4,0.94760794050371,m2_2
27,-2222.37304815867,0,1,1.03408268189603,m2_2
27,-2222.37304815867,1,1,1.25219267766763,m2_2
27,-2222.37304815867,2,1,1.40412168581235,m2_2
27,-2222.37304815867,3,1,0.91193860856087,m2_2
27,-2222.37304815867,0,1.5,0.954661604905931,m2_2
27,-2222.37304815867,1,1.5,0.612077452635151,m2_2
27,-2222.37304815867,2,1.5,0.908444853395222,m2_2
27,-2222.37304815867,3,1.5,0.687535727945917,m2_2
27,-2222.37304815867,0,4,0.911218842045605,m2_2
27,-2222.37304815867,1,4,0.609932178454546,m2_2
27,-2222.37304815867,2,4,1.29055979147213,m2_2
27,-2222.37304815867,3,4,1.1815448671633,m2_2
28,-2201.22996419099,0,1,0.807920487573506,m2_2
28,-2201.22996419099,1,1,0.971723292031858,m2_2
28,-2201.22996419099,2,1,0.878625722406221,m2_2
28,-2201.22996419099,3,1,0.98949319178234,m2_2
28,-2201.22996419099,0,1.5,0.825489144079903,m2_2
28,-2201.22996419099,1,1.5,1.05634932616391,m2_2
28,-2201.22996419099,2,1.5,1.0620223255027,m2_2
28,-2201.22996419099,3,1.5,0.883635347460077,m2_2
28,-2201.22996419099,0,4,0.818480470585418,m2_2
28,-2201.22996419099,1,4,1.17863042848498,m2_2
28,-2201.22996419099,2,4,1.06179990685074,m2_2
28,-2201.22996419099,3,4,1.02507558954483,m2_2
33,-2180.08688022331,0,1,0.899571614077541,m2_2
33,-2180.08688022331,1,1,1.06159067120056,m2_2
33,-2180.08688022331,2,1,1.19598097005209,m2_2
33,-2180.08688022331,3,1,0.905037631997241,m2_2
33,-2180.08688022331,0,1.5,0.8868311644069,m2_2
33,-2180.08688022331,1,1.5,1.1935294059515,m2_2
33,-2180.08688022331,2,1.5,1.161936497675,m2_2
33,-2180.08688022331,3,1.5,1.06090502499025,m2_2
33,-2180.08688022331,0,4,0.862214606118562,m2_2
33,-2180.08688022331,1,4,1.24109729616909,m2_2
33,-2180.08688022331,2,4,0.986872039198522,m2_2
33,-2180.08688022331,3,4,1.24052460938082,m2_2
34,-2158.94379625562,0,1,1.05634214889269,m2_2
34,-2158.94379625562,1,1,1.3579852481725,m2_2
34,-2158.94379625562,2,1,1.09263346006432,m2_2
34,-2158.94379625562,3,1,0.881073651283703,m2_2
34,-2158.94379625562,0,1.5,0.835747989904239,m2_2
34,-2158.94379625562,1,1.5,0.992015837660218,m2_2
34,-2158.94379625562,2,1.5,1.07871692827772,m2_2
34,-2158.94379625562,3,1.5,0.832813978114329,m2_2
34,-2158.94379625562,0,4,0.922417932253501,m2_2
34,-2158.94379625562,1,4,0.863989626021312,m2_2
34,-2158.94379625562,2,4,1.36307154451012,m2_2
34,-2158.94379625562,3,4,1.05283481498456,m2_2
37,-2158.94379625562,0,1,1.10041635109225,m2_2
37,-2158.94379625562,1,1,1.04078982146891,m2_2
37,-2158.94379625562,2,1,1.13119525766351,m2_2
37,-2158.94379625562,3,1,0.90800800585215,m2_2
37,-2158.94379625562,0,1.5,1.02727582788475,m2_2
37,-2158.94379625562,1,1.5,0.996943351649801,m2_2
37,-2158.94379625562,2,1.5,0.890998592864277,m2_2
37,-2158.94379625562,3,1.5,0.889977155711579,m2_2
37,-2158.94379625562,0,4,0.949485792223397,m2_2
37,-2158.94379625562,1,4,1.11557660305342,m2_2
37,-2158.94379625562,2,4,1.1117204259808,m2_2
37,-2158.94379625562,3,4,0.90513376541152,m2_2
38,-2180.08688022331,0,1,1.03812696563741,m2_2
38,-2180.08688022331,1,1,1.13746250630851,m2_2
38,-2180.08688022331,2,1,0.812771460298047,m2_2
38,-2180.08688022331,3,1,1.14106988096963,m2_2
38,-2180.08688022331,0,1.5,1.01287722701281,m2_2
38,-2180.08688022331,1,1.5,1.46109851352708,m2_2
38,-2180.08688022331,2,1.5,1.31372631728385,m2_2
38,-2180.08688022331,3,1.5,1.28561286656984,m2_2
38,-2180.08688022331,0,4,0.774250301218679,m2_2
38,-2180.08688022331,1,4,1.14881927163582,m2_2
38,-2180.08688022331,2,4,1.30276731592014,m2_2
38,-2180.08688022331,3,4,1.37139689229955,m2_2
44,-2137.80071228794,0,1,0.976083663578393,m2_2
44,-2137.80071228794,1,1,1.11533427857124,m2_2
44,-2137.80071228794,2,1,1.11058324265308,m2_2
44,-2137.80071228794,3,1,0.753597963706294,m2_2
44,-2137.80071228794,0,1.5,0.693669133011768,m2_2
44,-2137.80071228794,1,1.5,1.25543884672892,m2_2
44,-2137.80071228794,2,1.5,1.02638931724417,m2_2
44,-2137.80071228794,3,1.5,1.00246682544588,m2_2
44,-2137.80071228794,0,4,0.735100993463131,m2_2
44,-2137.80071228794,1,4,0.97571280805713,m2_2
44,-2137.80071228794,2,4,1.18553580768691,m2_2
44,-2137.80071228794,3,4,1.0713485751099,m2_2
45,-2137.80071228794,0,1,1.0953249122023,m2_2
45,-2137.80071228794,1,1,0.921106057538588,m2_2
45,-2137.80071228794,2,1,1.14736887478026,m2_2
45,-2137.80071228794,3,1,1.03715080134599,m2_2
45,-2137.80071228794,0,1.5,0.805292874516597,m2_2
45,-2137.80071228794,1,1.5,1.26947046298017,m2_2
45,-2137.80071228794,2,1.5,1.12413292058691,m2_2
45,-2137.80071228794,3,1.5,1.13026266089303,m2_2
45,-2137.80071228794,0,4,0.856953759103111,m2_2
45,-2137.80071228794,1,4,0.8973167977694,m2_2
45,-2137.80071228794,2,4,0.995926980166325,m2_2
45,-2137.80071228794,3,4,1.03052177842094,m2_2
46,-2137.80071228794,0,1,1.03811456142728,m2_2
46,-2137.80071228794,1,1,1.04375271844286,m2_2
46,-2137.80071228794,2,1,0.981260195610799,m2_2
46,-2137.80071228794,3,1,1.00002223867894,m2_2
46,-2137.80071228794,0,1.5,0.970093084117777,m2_2
46,-2137.80071228794,1,1.5,1.03792814080997,m2_2
46,-2137.80071228794,2,1.5,1.05647004950923,m2_2
46,-2137.80071228794,3,1.5,0.963961135067869,m2_2
46,-2137.80071228794,0,4,0.970225148410304,m2_2
46,-2137.80071228794,1,4,1.05754298457,m2_2
46,-2137.80071228794,2,4,1.17649582513337,m2_2
46,-2137.80071228794,3,4,1.01802274897239,m2_2
68,-2053.22837641721,0,1,1.02562773046908,m2_2
68,-2053.22837641721,1,1,1.12001431223353,m2_2
68,-2053.22837641721,2,1,1.15307992141506,m2_2
68,-2053.22837641721,3,1,0.914009372168616,m2_2
68,-2053.22837641721,0,1.5,0.880217911040877,m2_2
68,-2053.22837641721,1,1.5,1.07071256073016,m2_2
68,-2053.22837641721,2,1.5,1.07590690544177,m2_2
68,-2053.22837641721,3,1.5,0.904168020058346,m2_2
68,-2053.22837641721,0,4,0.973113586758696,m2_2
68,-2053.22837641721,1,4,1.05109779593163,m2_2
68,-2053.22837641721,2,4,1.1578583477323,m2_2
68,-2053.22837641721,3,4,1.01320602836463,m2_2
71,-1968.65604054648,0,1,0.476424003469627,m2_2
71,-1968.65604054648,1,1,0.624666370780479,m2_2
71,-1968.65604054648,2,1,0.238607382379621,m2_2
71,-1968.65604054648,3,1,0.629050848532868,m2_2
71,-1968.65604054648,0,1.5,0.970719176882746,m2_2
71,-1968.65604054648,1,1.5,0.654120996590167,m2_2
71,-1968.65604054648,2,1.5,0.797711957836857,m2_2
71,-1968.65604054648,3,1.5,0.576779687034381,m2_2
71,-1968.65604054648,0,4,0.413951110848818,m2_2
71,-1968.65604054648,1,4,1.29820288772509,m2_2
71,-1968.65604054648,2,4,0.690081708349789,m2_2
71,-1968.65604054648,3,4,0.851964397015251,m2_2
72,-2010.94220848184,0,1,0.838658504548539,m2_2
72,-2010.94220848184,1,1,1.04167357017187,m2_2
72,-2010.94220848184,2,1,1.595668601228,m2_2
72,-2010.94220848184,3,1,0.745528521943414,m2_2
72,-2010.94220848184,0,1.5,1.67821642142678,m2_2
72,-2010.94220848184,1,1.5,1.21619752915035,m2_2
72,-2010.94220848184,2,1.5,1.08078697522853,m2_2
72,-2010.94220848184,3,1.5,0.528834383304618,m2_2
72,-2010.94220848184,0,4,0.845671776579416,m2_2
72,-2010.94220848184,1,4,0.936407331809726,m2_2
72,-2010.94220848184,2,4,1.69925050332957,m2_2
72,-2010.94220848184,3,4,2.23779584998726,m2_2
79,-1989.79912451416,0,1,1.01868940842644,m2_2
79,-1989.79912451416,1,1,1.42384872845593,m2_2
79,-1989.79912451416,2,1,1.22147888607739,m2_2
79,-1989.79912451416,3,1,1.01849546763058,m2_2
79,-1989.79912451416,0,1.5,0.967862787988122,m2_2
79,-1989.79912451416,1,1.5,1.43645866395885,m2_2
79,-1989.79912451416,2,1.5,1.07449996924105,m2_2
79,-1989.79912451416,3,1.5,0.848048896346869,m2_2
79,-1989.79912451416,0,4,0.901326388808452,m2_2
79,-1989.79912451416,1,4,1.09005891093982,m2_2
79,-1989.79912451416,2,4,1.37829284887244,m2_2
79,-1989.79912451416,3,4,1.09959582385194,m2_2
80,-2010.94220848184,0,1,0.986169361805288,m2_2
80,-2010.94220848184,1,1,1.08926132168686,m2_2
80,-2010.94220848184,2,1,0.962949643772985,m2_2
80,-2010.94220848184,3,1,0.959547046634586,m2_2
80,-2010.94220848184,0,1.5,1.04536649924344,m2_2
80,-2010.94220848184,1,1.5,0.877108218465716,m2_2
80,-2010.94220848184,2,1.5,0.932688516179211,m2_2
80,-2010.94220848184,3,1.5,0.902635911426745,m2_2
80,-2010.94220848184,0,4,0.86322973328003,m2_2
80,-2010.94220848184,1,4,1.01413855843081,m2_2
80,-2010.94220848184,2,4,0.979410578730621,m2_2
80,-2010.94220848184,3,4,1.05047133553132,m2_2
87,-1947.5129565788,0,1,1.03139628613275,m2_2
87,-1947.5129565788,1,1,1.03756573785089,m2_2
87,-1947.5129565788,2,1,0.973904514951109,m2_2
87,-1947.5129565788,3,1,0.971959466122911,m2_2
87,-1947.5129565788,0,1.5,1.03234840086476,m2_2
87,-1947.5129565788,1,1.5,0.911555165280197,m2_2
87,-1947.5129565788,2,1.5,1.13074299413497,m2_2
87,-1947.5129565788,3,1.5,0.98374975980142,m2_2
87,-1947.5129565788,0,4,0.931391143104169,m2_2
87,-1947.5129565788,1,4,0.957656820529609,m2_2
87,-1947.5129565788,2,4,1.05606487225718,m2_2
87,-1947.5129565788,3,4,0.961271502306317,m2_2
89,-1926.36987261111,0,1,1.18232702751541,m2_2
89,-1926.36987261111,1,1,1.13269213967657,m2_2
89,-1926.36987261111,2,1,1.49164534233731,m2_2
89,-1926.36987261111,3,1,0.945796294826877,m2_2
89,-1926.36987261111,0,1.5,0.978414790102999,m2_2
89,-1926.36987261111,1,1.5,1.06506702225518,m2_2
89,-1926.36987261111,2,1.5,1.2141650370889,m2_2
89,-1926.36987261111,3,1.5,1.09493398133345,m2_2
89,-1926.36987261111,0,4,0.866929556859263,m2_2
89,-1926.36987261111,1,4,0.963113404016802,m2_2
89,-1926.36987261111,2,4,1.19638141438575,m2_2
89,-1926.36987261111,3,4,1.14059239985317,m2_2
95,-1947.5129565788,0,1,0.794530766907779,m2_2
95,-1947.5129565788,1,1,1.03488366007355,m2_2
95,-1947.5129565788,2,1,0.777130818973199,m2_2
95,-1947.5129565788,3,1,0.431155584066182,m2_2
95,-1947.5129565788,0,1.5,0.645755517185635,m2_2
95,-1947.5129565788,1,1.5,1.31192266544595,m2_2
95,-1947.5129565788,2,1.5,0.833819995614834,m2_2
95,-1947.5129565788,3,1.5,0.967140739225526,m2_2
95,-1947.5129565788,0,4,0.704690137953076,m2_2
95,-1947.5129565788,1,4,1.28289024930372,m2_2
95,-1947.5129565788,2,4,0.7817251303728,m2_2
95,-1947.5129565788,3,4,0.66923205395196,m2_2
100,-1926.36987261111,0,1,0.569528935363618,m2_2
100,-1926.36987261111,1,1,0.910125576834249,m2_2
100,-1926.36987261111,2,1,0.934685059428443,m2_2
100,-1926.36987261111,3,1,0.898475717298936,m2_2
100,-1926.36987261111,0,1.5,0.812777133088238,m2_2
100,-1926.36987261111,1,1.5,0.733436039808054,m2_2
100,-1926.36987261111,2,1.5,0.860097051091524,m2_2
100,-1926.36987261111,3,1.5,0.638608674806484,m2_2
100,-1926.36987261111,0,4,0.444999717386808,m2_2
100,-1926.36987261111,1,4,0.935140836002539,m2_2
100,-1926.36987261111,2,4,0.972269066818797,m2_2
100,-1926.36987261111,3,4,1.00804421353789,m2_2
110,-1862.94062070806,0,1,0.812010955912438,m2_2
110,-1862.94062070806,1,1,0.995259070682791,m2_2
110,-1862.94062070806,2,1,1.63909235528169,m2_2
110,-1862.94062070806,3,1,1.01250637013917,m2_2
110,-1862.94062070806,0,1.5,0.752387690919195,m2_2
110,-1862.94062070806,1,1.5,1.01586139737926,m2_2
110,-1862.94062070806,2,1.5,1.49464864940573,m2_2
110,-1862.94062070806,3,1.5,1.00010115745337,m2_2
110,-1862.94062070806,0,4,0.426997054833959,m2_2
110,-1862.94062070806,1,4,1.20779325449116,m2_2
110,-1862.94062070806,2,4,1.05231345849711,m2_2
110,-1862.94062070806,3,4,1.24068587739744,m2_2
113,-1884.08370467575,0,1,0.928821060851527,m2_2
113,-1884.08370467575,1,1,1.24074279432872,m2_2
113,-1884.08370467575,2,1,0.755139267495649,m2_2
113,-1884.08370467575,3,1,0.965881051507824,m2_2
113,-1884.08370467575,0,1.5,1.05964603497182,m2_2
113,-1884.08370467575,1,1.5,1.18252379922516,m2_2
113,-1884.08370467575,2,1.5,1.30116585958284,m2_2
113,-1884.08370467575,3,1.5,1.07202350968211,m2_2
113,-1884.08370467575,0,4,0.327100646383992,m2_2
113,-1884.08370467575,1,4,1.27732751179042,m2_2
113,-1884.08370467575,2,4,1.32923077472769,m2_2
113,-1884.08370467575,3,4,1.09241281602025,m2_2
115,-1884.08370467575,0,1,0.421970891967195,m2_2
115,-1884.08370467575,1,1,0.729731567401124,m2_2
115,-1884.08370467575,2,1,0.582865237968962,m2_2
115,-1884.08370467575,3,1,0.646095255009669,m2_2
115,-1884.08370467575,0,1.5,1.15795864554102,m2_2
115,-1884.08370467575,1,1.5,0.568200644138365,m2_2
115,-1884.08370467575,2,1.5,0.422533179864286,m2_2
115,-1884.08370467575,3,1.5,0.215320788077169,m2_2
115,-1884.08370467575,0,4,0.410684816564293,m2_2
115,-1884.08370467575,1,4,0.896569047859559,m2_2
115,-1884.08370467575,2,4,0.731699959732983,m2_2
115,-1884.08370467575,3,4,0.939407578722617,m2_2
126,-1884.08370467575,0,1,0.830032651760987,m2_2
126,-1884.08370467575,1,1,0.966563349240975,m2_2
126,-1884.08370467575,2,1,1.02970137183751,m2_2
126,-1884.08370467575,3,1,0.887662344659675,m2_2
126,-1884.08370467575,0,1.5,0.858524473241225,m2_2
126,-1884.08370467575,1,1.5,1.18352297023252,m2_2
126,-1884.08370467575,2,1.5,1.06473268940832,m2_2
126,-1884.08370467575,3,1.5,0.91697923513594,m2_2
126,-1884.08370467575,0,4,0.625464432954671,m2_2
126,-1884.08370467575,1,4,1.06023882130771,m2_2
126,-1884.08370467575,2,4,1.12912531254562,m2_2
126,-1884.08370467575,3,4,0.965460784662278,m2_2
127,-1841.79753674038,0,1,0.808326574558237,m2_2
127,-1841.79753674038,1,1,0.806888930103825,m2_2
127,-1841.79753674038,2,1,1.06496038626104,m2_2
127,-1841.79753674038,3,1,1.02667534029333,m2_2
127,-1841.79753674038,0,1.5,0.881954993187942,m2_2
127,-1841.79753674038,1,1.5,0.755950013106084,m2_2
127,-1841.79753674038,2,1.5,0.931650879143226,m2_2
127,-1841.79753674038,3,1.5,1.14806782604801,m2_2
127,-1841.79753674038,0,4,0.505775088005874,m2_2
127,-1841.79753674038,1,4,0.871406652185247,m2_2
127,-1841.79753674038,2,4,1.12082777079661,m2_2
127,-1841.79753674038,3,4,1.03076651999833,m2_2
134,-1841.79753674038,0,1,0.690483959029431,m2_2
134,-1841.79753674038,1,1,1.09926675285321,m2_2
134,-1841.79753674038,2,1,1.07017235773605,m2_2
134,-1841.79753674038,3,1,0.934522352893076,m2_2
134,-1841.79753674038,0,1.5,0.661079989469398,m2_2
134,-1841.79753674038,1,1.5,1.11367602162438,m2_2
134,-1841.79753674038,2,1.5,1.48607019370525,m2_2
134,-1841.79753674038,3,1.5,1.1190876746159,m2_2
134,-1841.79753674038,0,4,0.332701770745833,m2_2
134,-1841.79753674038,1,4,0.997284162562669,m2_2
134,-1841.79753674038,2,4,0.962825410239158,m2_2
134,-1841.79753674038,3,4,0.903995117199324,m2_2
137,-1778.36828483733,0,1,0.647765552245367,m2_2
137,-1778.36828483733,1,1,0.853768219868541,m2_2
137,-1778.36828483733,2,1,0.915992224707803,m2_2
137,-1778.36828483733,3,1,0.924953404001408,m2_2
137,-1778.36828483733,0,1.5,0.587049694363734,m2_2
137,-1778.36828483733,1,1.5,0.69401609161199,m2_2
137,-1778.36828483733,2,1.5,1.15408235713854,m2_2
137,-1778.36828483733,3,1.5,0.967317420787296,m2_2
137,-1778.36828483733,0,4,0.36577524843083,m2_2
137,-1778.36828483733,1,4,0.75167340411898,m2_2
137,-1778.36828483733,2,4,0.929455186785892,m2_2
137,-1778.36828483733,3,4,1.02823438789091,m2_2
138,-1778.36828483733,0,1,1.17886414303133,m2_2
138,-1778.36828483733,1,1,1.31887892118611,m2_2
138,-1778.36828483733,2,1,1.0028637925258,m2_2
138,-1778.36828483733,3,1,1.23533421288908,m2_2
138,-1778.36828483733,0,1.5,0.862280056647535,m2_2
138,-1778.36828483733,1,1.5,1.67666593605411,m2_2
138,-1778.36828483733,2,1.5,1.3046460061598,m2_2
138,-1778.36828483733,3,1.5,1.45185746601401,m2_2
138,-1778.36828483733,0,4,0.229978482561199,m2_2
138,-1778.36828483733,1,4,1.49358477517188,m2_2
138,-1778.36828483733,2,4,1.24963000771814,m2_2
138,-1778.36828483733,3,4,1.56121196431174,m2_2
139,-1778.36828483733,0,1,0.821456365407977,m2_2
139,-1778.36828483733,1,1,1.20273666846338,m2_2
139,-1778.36828483733,2,1,0.994886430466002,m2_2
139,-1778.36828483733,3,1,0.868554237951436,m2_2
139,-1778.36828483733,0,1.5,0.668890207407724,m2_2
139,-1778.36828483733,1,1.5,0.928147319239142,m2_2
139,-1778.36828483733,2,1.5,1.09004922704587,m2_2
139,-1778.36828483733,3,1.5,1.22959622617917,m2_2
139,-1778.36828483733,0,4,0.215756373455844,m2_2
139,-1778.36828483733,1,4,0.95890343373314,m2_2
139,-1778.36828483733,2,4,1.19658518351467,m2_2
139,-1778.36828483733,3,4,0.963565707406234,m2_2
142,-1778.36828483733,0,1,0.940501083983716,m2_2
142,-1778.36828483733,1,1,1.06604609388971,m2_2
142,-1778.36828483733,2,1,0.785250587298051,m2_2
142,-1778.36828483733,3,1,0.987412662492534,m2_2
142,-1778.36828483733,0,1.5,0.798197817661394,m2_2
142,-1778.36828483733,1,1.5,0.974664705998589,m2_2
142,-1778.36828483733,2,1.5,1.11258753776456,m2_2
142,-1778.36828483733,3,1.5,1.10721950242292,m2_2
142,-1778.36828483733,0,4,0.338506467181858,m2_2
142,-1778.36828483733,1,4,0.929091598511745,m2_2
142,-1778.36828483733,2,4,1.06160692356723,m2_2
142,-1778.36828483733,3,4,0.898932819486987,m2_2
144,-1757.22520086965,0,1,0.989316328056469,m2_2
144,-1757.22520086965,1,1,1.12085574949572,m2_2
144,-1757.22520086965,2,1,0.785491440324289,m2_2
144,-1757.22520086965,3,1,1.37214903348531,m2_2
144,-1757.22520086965,0,1.5,1.45348255162067,m2_2
144,-1757.22520086965,1,1.5,0.70185820265025,m2_2
144,-1757.22520086965,2,1.5,0.553107386099694,m2_2
144,-1757.22520086965,3,1.5,0.901589631295135,m2_2
144,-1757.22520086965,0,4,0.287420117628303,m2_2
144,-1757.22520086965,1,4,1.61844293081818,m2_2
144,-1757.22520086965,2,4,0.428763978384716,m2_2
144,-1757.22520086965,3,4,1.68891298078743,m2_2
145,-1736.08211690197,0,1,1.45684233903351,m2_2
145,-1736.08211690197,1,1,1.64050900057388,m2_2
145,-1736.08211690197,2,1,1.25590717076033,m2_2
145,-1736.08211690197,3,1,0.581658524898713,m2_2
145,-1736.08211690197,0,1.5,1.06142750534961,m2_2
145,-1736.08211690197,1,1.5,1.88570297727714,m2_2
145,-1736.08211690197,2,1.5,1.61657710409912,m2_2
145,-1736.08211690197,3,1.5,0.953789065536823,m2_2
145,-1736.08211690197,0,4,0.554204493628685,m2_2
145,-1736.08211690197,1,4,1.76807259546545,m2_2
145,-1736.08211690197,2,4,1.42247205912567,m2_2
145,-1736.08211690197,3,4,0.795557487806858,m2_2
146,-1757.22520086965,0,1,0.252343685257299,m2_2
146,-1757.22520086965,1,1,0.381817539486326,m2_2
146,-1757.22520086965,2,1,0.837178290443469,m2_2
146,-1757.22520086965,3,1,0.269458947148383,m2_2
146,-1757.22520086965,0,1.5,0.522896865762594,m2_2
146,-1757.22520086965,1,1.5,1.27308226533855,m2_2
146,-1757.22520086965,2,1.5,1.18758104529337,m2_2
146,-1757.22520086965,3,1.5,0.801334791229955,m2_2
146,-1757.22520086965,0,4,0.154025900062493,m2_2
146,-1757.22520086965,1,4,0.560817091232095,m2_2
146,-1757.22520086965,2,4,1.16150778904907,m2_2
146,-1757.22520086965,3,4,0.822023726605255,m2_2
147,-1757.22520086965,0,1,0.712718707575854,m2_2
147,-1757.22520086965,1,1,1.14721206559548,m2_2
147,-1757.22520086965,2,1,1.02890294597721,m2_2
147,-1757.22520086965,3,1,1.21089387251778,m2_2
147,-1757.22520086965,0,1.5,0.508870377406737,m2_2
147,-1757.22520086965,1,1.5,0.938429389456042,m2_2
147,-1757.22520086965,2,1.5,1.21859545718925,m2_2
147,-1757.22520086965,3,1.5,0.996592424801313,m2_2
147,-1757.22520086965,0,4,0.396829614492449,m2_2
147,-1757.22520086965,1,4,0.677261189347244,m2_2
147,-1757.22520086965,2,4,0.941374916031464,m2_2
147,-1757.22520086965,3,4,1.00353965292719,m2_2
148,-1736.08211690197,0,1,0.77899988794187,m2_2
148,-1736.08211690197,1,1,1.10389164136002,m2_2
148,-1736.08211690197,2,1,1.15938191730367,m2_2
148,-1736.08211690197,3,1,1.1619438689778,m2_2
148,-1736.08211690197,0,1.5,0.774787397196656,m2_2
148,-1736.08211690197,1,1.5,0.809807892160307,m2_2
148,-1736.08211690197,2,1.5,1.138854447533,m2_2
148,-1736.08211690197,3,1.5,1.05347588370032,m2_2
148,-1736.08211690197,0,4,0.409066385039757,m2_2
148,-1736.08211690197,1,4,0.868134509758637,m2_2
148,-1736.08211690197,2,4,1.11889387311726,m2_2
148,-1736.08211690197,3,4,1.04876708209406,m2_2
149,-1757.22520086965,0,1,0.656453077072577,m2_2
149,-1757.22520086965,1,1,1.32281544086298,m2_2
149,-1757.22520086965,2,1,1.07294497718285,m2_2
149,-1757.22520086965,3,1,0.97670124827617,m2_2
149,-1757.22520086965,0,1.5,0.546848276392275,m2_2
149,-1757.22520086965,1,1.5,0.645615351757245,m2_2
149,-1757.22520086965,2,1.5,1.31190627909133,m2_2
149,-1757.22520086965,3,1.5,0.985075180940151,m2_2
149,-1757.22520086965,0,4,0.329735368772827,m2_2
149,-1757.22520086965,1,4,0.910307610797346,m2_2
149,-1757.22520086965,2,4,0.951587583415298,m2_2
149,-1757.22520086965,3,4,1.45179688830104,m2_2
150,-1736.08211690197,0,1,1.40984947012231,m2_2
150,-1736.08211690197,1,1,1.13610168326072,m2_2
150,-1736.08211690197,2,1,1.04242346051729,m2_2
150,-1736.08211690197,3,1,1.94728202187634,m2_2
150,-1736.08211690197,0,1.5,1.12357902884374,m2_2
150,-1736.08211690197,1,1.5,1.40046876777169,m2_2
150,-1736.08211690197,2,1.5,1.19911304659865,m2_2
150,-1736.08211690197,3,1.5,2.92959529748884,m2_2
150,-1736.08211690197,0,4,0.305652104981584,m2_2
150,-1736.08211690197,1,4,2.73821229944484,m2_2
150,-1736.08211690197,2,4,3.3725903325497,m2_2
150,-1736.08211690197,3,4,2.94980681635119,m2_2
151,-1757.22520086965,0,1,0.587008162564444,m2_2
151,-1757.22520086965,1,1,0.956016333706682,m2_2
151,-1757.22520086965,2,1,1.06637203995691,m2_2
151,-1757.22520086965,3,1,0.757491392857944,m2_2
151,-1757.22520086965,0,1.5,0.32774738051519,m2_2
151,-1757.22520086965,1,1.5,0.796437158377948,m2_2
151,-1757.22520086965,2,1.5,1.20834786306317,m2_2
151,-1757.22520086965,3,1.5,1.02463858459859,m2_2
151,-1757.22520086965,0,4,0.158359146450537,m2_2
151,-1757.22520086965,1,4,0.348958123646303,m2_2
151,-1757.22520086965,2,4,0.625805868179097,m2_2
151,-1757.22520086965,3,4,0.80270243088884,m2_2
153,-1736.08211690197,0,1,0.937846541052793,m2_2
153,-1736.08211690197,1,1,0.892658795420055,m2_2
153,-1736.08211690197,2,1,0.823103624165166,m2_2
153,-1736.08211690197,3,1,0.981783166949643,m2_2
153,-1736.08211690197,0,1.5,0.690853388683951,m2_2
153,-1736.08211690197,1,1.5,0.958738590349608,m2_2
153,-1736.08211690197,2,1.5,1.26644672566854,m2_2
153,-1736.08211690197,3,1.5,1.14323015929426,m2_2
153,-1736.08211690197,0,4,0.31331639302787,m2_2
153,-1736.08211690197,1,4,0.816390361462054,m2_2
153,-1736.08211690197,2,4,1.13664530637518,m2_2
153,-1736.08211690197,3,4,1.02387571451052,m2_2
156,-1714.93903293428,0,1,0.849699418355525,m2_2
156,-1714.93903293428,1,1,0.954164085065419,m2_2
156,-1714.93903293428,2,1,1.52441192276539,m2_2
156,-1714.93903293428,3,1,0.988563983062527,m2_2
156,-1714.93903293428,0,1.5,0.439256838769519,m2_2
156,-1714.93903293428,1,1.5,0.95935082501145,m2_2
156,-1714.93903293428,2,1.5,1.50609270721227,m2_2
156,-1714.93903293428,3,1.5,1.40352768467993,m2_2
156,-1714.93903293428,0,4,0.230612427222437,m2_2
156,-1714.93903293428,1,4,0.39945125846311,m2_2
156,-1714.93903293428,2,4,0.720190895630355,m2_2
156,-1714.93903293428,3,4,0.89150495754443,m2_2
158,-1714.93903293428,0,1,0.553223581074302,m2_2
158,-1714.93903293428,1,1,0.652988833215954,m2_2
158,-1714.93903293428,2,1,1.40893930842798,m2_2
158,-1714.93903293428,3,1,0.768739138501103,m2_2
158,-1714.93903293428,0,1.5,0.32701268046158,m2_2
158,-1714.93903293428,1,1.5,0.289200446629961,m2_2
158,-1714.93903293428,2,1.5,0.906048355744332,m2_2
158,-1714.93903293428,3,1.5,0.48874594516286,m2_2
158,-1714.93903293428,0,4,0.509769978077386,m2_2
158,-1714.93903293428,1,4,0.532469959831997,m2_2
158,-1714.93903293428,2,4,1.3694387493506,m2_2
158,-1714.93903293428,3,4,1.00684381930384,m2_2
161,-1736.08211690197,0,1,0.311257680377475,m2_2
161,-1736.08211690197,1,1,1.0248256673696,m2_2
161,-1736.08211690197,2,1,0.494692198153444,m2_2
161,-1736.08211690197,3,1,1.51888178659925,m2_2
161,-1736.08211690197,0,1.5,0.647756139093986,m2_2
161,-1736.08211690197,1,1.5,0.658967186368638,m2_2
161,-1736.08211690197,2,1.5,0.417211661235734,m2_2
161,-1736.08211690197,3,1.5,0.806736555404441,m2_2
161,-1736.08211690197,0,4,0.0486586815697737,m2_2
161,-1736.08211690197,1,4,0.586754907144478,m2_2
161,-1736.08211690197,2,4,0.777496009766339,m2_2
161,-1736.08211690197,3,4,1.01977332058078,m2_2
163,-1736.08211690197,0,1,0.853406999267163,m2_2
163,-1736.08211690197,1,1,0.982794249123495,m2_2
163,-1736.08211690197,2,1,1.21046744135344,m2_2
163,-1736.08211690197,3,1,0.878356467257372,m2_2
163,-1736.08211690197,0,1.5,0.676483638302827,m2_2
163,-1736.08211690197,1,1.5,0.93642080824849,m2_2
163,-1736.08211690197,2,1.5,1.24529484096943,m2_2
163,-1736.08211690197,3,1.5,1.21472874617481,m2_2
163,-1736.08211690197,0,4,0.38356408160254,m2_2
163,-1736.08211690197,1,4,0.803703224715018,m2_2
163,-1736.08211690197,2,4,1.56230315937606,m2_2
163,-1736.08211690197,3,4,0.970646104650316,m2_2
164,-1714.93903293428,0,1,0.474759312619014,m2_2
164,-1714.93903293428,1,1,0.700516489662762,m2_2
164,-1714.93903293428,2,1,0.976706263882804,m2_2
164,-1714.93903293428,3,1,1.02348935456521,m2_2
164,-1714.93903293428,0,1.5,0.585217502801634,m2_2
164,-1714.93903293428,1,1.5,1.08853442420476,m2_2
164,-1714.93903293428,2,1.5,1.27573956637388,m2_2
164,-1714.93903293428,3,1.5,1.48492605438223,m2_2
164,-1714.93903293428,0,4,0.518558098426887,m2_2
164,-1714.93903293428,1,4,0.586290516894531,m2_2
164,-1714.93903293428,2,4,1.197372597704,m2_2
164,-1714.93903293428,3,4,1.17866510167883,m2_2
165,-1714.93903293428,0,1,0.881382586563641,m2_2
165,-1714.93903293428,1,1,1.05191771058874,m2_2
165,-1714.93903293428,2,1,1.26847762281045,m2_2
165,-1714.93903293428,3,1,0.975867910270846,m2_2
165,-1714.93903293428,0,1.5,0.884102896943954,m2_2
165,-1714.93903293428,1,1.5,0.857968717559505,m2_2
165,-1714.93903293428,2,1.5,1.03170937558743,m2_2
165,-1714.93903293428,3,1.5,1.10354163179395,m2_2
165,-1714.93903293428,0,4,0.574052121379899,m2_2
165,-1714.93903293428,1,4,0.721939771648838,m2_2
165,-1714.93903293428,2,4,0.845096744229396,m2_2
165,-1714.93903293428,3,4,1.05239488524433,m2_2
167,-1693.7959489666,0,1,0.579671000589535,m2_2
167,-1693.7959489666,1,1,1.03215923214022,m2_2
167,-1693.7959489666,2,1,0.976461795367051,m2_2
167,-1693.7959489666,3,1,0.849059686262635,m2_2
167,-1693.7959489666,0,1.5,0.496375546000196,m2_2
167,-1693.7959489666,1,1.5,0.634874074462227,m2_2
167,-1693.7959489666,2,1.5,0.934805504646943,m2_2
167,-1693.7959489666,3,1.5,0.921779981377679,m2_2
167,-1693.7959489666,0,4,0.184143137781594,m2_2
167,-1693.7959489666,1,4,0.867438893795647,m2_2
167,-1693.7959489666,2,4,1.03236811273956,m2_2
167,-1693.7959489666,3,4,1.18044085151161,m2_2
168,-1672.65286499892,0,1,0.491310801249631,m2_2
168,-1672.65286499892,1,1,1.12596287090104,m2_2
168,-1672.65286499892,2,1,0.814062325007892,m2_2
168,-1672.65286499892,3,1,0.847517502271882,m2_2
168,-1672.65286499892,0,1.5,0.567546179532624,m2_2
168,-1672.65286499892,1,1.5,0.946657477614801,m2_2
168,-1672.65286499892,2,1.5,0.974014073236291,m2_2
168,-1672.65286499892,3,1.5,0.972910676739943,m2_2
168,-1672.65286499892,0,4,0.390646093681306,m2_2
168,-1672.65286499892,1,4,0.911782174324085,m2_2
168,-1672.65286499892,2,4,0.978093939568124,m2_2
168,-1672.65286499892,3,4,1.12627702159943,m2_2
169,-1672.65286499892,0,1,0.708559392271861,m2_2
169,-1672.65286499892,1,1,0.85082659168088,m2_2
169,-1672.65286499892,2,1,1.16006452132803,m2_2
169,-1672.65286499892,3,1,1.11818541582599,m2_2
169,-1672.65286499892,0,1.5,0.684967687463298,m2_2
169,-1672.65286499892,1,1.5,1.00394076145622,m2_2
169,-1672.65286499892,2,1.5,1.26686862926053,m2_2
169,-1672.65286499892,3,1.5,1.15265216558564,m2_2
169,-1672.65286499892,0,4,0.531319764425895,m2_2
169,-1672.65286499892,1,4,0.977958264153197,m2_2
169,-1672.65286499892,2,4,1.05813040636151,m2_2
169,-1672.65286499892,3,4,1.12321374970511,m2_2
170,-1672.65286499892,0,1,0.560121944768278,m2_2
170,-1672.65286499892,1,1,0.766035703060958,m2_2
170,-1672.65286499892,2,1,1.38434834209163,m2_2
170,-1672.65286499892,3,1,0.862845494529638,m2_2
170,-1672.65286499892,0,1.5,0.451830981109845,m2_2
170,-1672.65286499892,1,1.5,0.92662585343499,m2_2
170,-1672.65286499892,2,1.5,1.38323438552815,m2_2
170,-1672.65286499892,3,1.5,1.02765978446259,m2_2
170,-1672.65286499892,0,4,0.387006394501155,m2_2
170,-1672.65286499892,1,4,0.748477558399677,m2_2
170,-1672.65286499892,2,4,1.15389601152893,m2_2
170,-1672.65286499892,3,4,1.08404497660185,m2_2
176,-1672.65286499892,0,1,0.852275701404178,m2_2
176,-1672.65286499892,1,1,1.22091026657639,m2_2
176,-1672.65286499892,2,1,1.08331572173626,m2_2
176,-1672.65286499892,3,1,1.10019641747326,m2_2
176,-1672.65286499892,0,1.5,0.519065889016726,m2_2
176,-1672.65286499892,1,1.5,1.02372906866046,m2_2
176,-1672.65286499892,2,1.5,1.41520897582681,m2_2
176,-1672.65286499892,3,1.5,1.06493906097178,m2_2
176,-1672.65286499892,0,4,0.455638503651838,m2_2
176,-1672.65286499892,1,4,0.989085960923008,m2_2
176,-1672.65286499892,2,4,1.24044395994317,m2_2
176,-1672.65286499892,3,4,1.04152955120312,m2_2
179,-1672.65286499892,0,1,0.89841629374472,m2_2
179,-1672.65286499892,1,1,0.457986075882414,m2_2
179,-1672.65286499892,2,1,1.47085908216359,m2_2
179,-1672.65286499892,3,1,0.786135666318579,m2_2
179,-1672.65286499892,0,1.5,0.464998272555016,m2_2
179,-1672.65286499892,1,1.5,0.929373601904425,m2_2
179,-1672.65286499892,2,1.5,1.15897936190489,m2_2
179,-1672.65286499892,3,1.5,0.609721087832097,m2_2
179,-1672.65286499892,0,4,0.100927918506686,m2_2
179,-1672.65286499892,1,4,1.17373215631798,m2_2
179,-1672.65286499892,2,4,0.924341392569089,m2_2
179,-1672.65286499892,3,4,1.14764072229256,m2_2
181,-1630.36669706355,0,1,0.627265229077575,m2_2
181,-1630.36669706355,1,1,0.579158195684188,m2_2
181,-1630.36669706355,2,1,0.749458914853865,m2_2
181,-1630.36669706355,3,1,0.655772050070229,m2_2
181,-1630.36669706355,0,1.5,0.489836801629118,m2_2
181,-1630.36669706355,1,1.5,0.90703194949885,m2_2
181,-1630.36669706355,2,1.5,0.932703922497201,m2_2
181,-1630.36669706355,3,1.5,1.27737344769234,m2_2
181,-1630.36669706355,0,4,0.301489297843133,m2_2
181,-1630.36669706355,1,4,0.691940697218751,m2_2
181,-1630.36669706355,2,4,0.553337036699446,m2_2
181,-1630.36669706355,3,4,0.504393654462959,m2_2
184,-1609.22361309587,0,1,1.79990084704617,m2_2
184,-1609.22361309587,1,1,1.26212689662551,m2_2
184,-1609.22361309587,2,1,1.32785707098185,m2_2
184,-1609.22361309587,3,1,1.10149006402726,m2_2
184,-1609.22361309587,0,1.5,1.24219084925091,m2_2
184,-1609.22361309587,1,1.5,0.426593380005021,m2_2
184,-1609.22361309587,2,1.5,1.60310289750668,m2_2
184,-1609.22361309587,3,1.5,0.511729925350425,m2_2
184,-1609.22361309587,0,4,0.42717986673589,m2_2
184,-1609.22361309587,1,4,1.17233073151596,m2_2
184,-1609.22361309587,2,4,0.989229811403998,m2_2
184,-1609.22361309587,3,4,0.979663717169512,m2_2
186,-1609.22361309587,0,1,0.774700484291452,m2_2
186,-1609.22361309587,1,1,0.93579914452604,m2_2
186,-1609.22361309587,2,1,0.990686845553273,m2_2
186,-1609.22361309587,3,1,0.905744469930958,m2_2
186,-1609.22361309587,0,1.5,0.754655363093396,m2_2
186,-1609.22361309587,1,1.5,0.863488764713338,m2_2
186,-1609.22361309587,2,1.5,0.950572262193846,m2_2
186,-1609.22361309587,3,1.5,0.958278290070057,m2_2
186,-1609.22361309587,0,4,0.502054660017978,m2_2
186,-1609.22361309587,1,4,0.799855491747405,m2_2
186,-1609.22361309587,2,4,0.893950824639856,m2_2
186,-1609.22361309587,3,4,0.928906704318191,m2_2
187,-1651.50978103123,0,1,0.813153924896821,m2_2
187,-1651.50978103123,1,1,0.848840793167548,m2_2
187,-1651.50978103123,2,1,0.963656786743744,m2_2
187,-1651.50978103123,3,1,0.942631976428987,m2_2
187,-1651.50978103123,0,1.5,0.642364775005993,m2_2
187,-1651.50978103123,1,1.5,0.883615432973891,m2_2
187,-1651.50978103123,2,1.5,0.986861458139441,m2_2
187,-1651.50978103123,3,1.5,0.911882820081914,m2_2
187,-1651.50978103123,0,4,0.412691856275547,m2_2
187,-1651.50978103123,1,4,0.820539698704479,m2_2
187,-1651.50978103123,2,4,0.881254490628902,m2_2
187,-1651.50978103123,3,4,0.950400562509002,m2_2
190,-1609.22361309587,0,1,0.794932566730016,m2_2
190,-1609.22361309587,1,1,1.07439661709719,m2_2
190,-1609.22361309587,2,1,0.800881313460868,m2_2
190,-1609.22361309587,3,1,0.660724114827204,m2_2
190,-1609.22361309587,0,1.5,0.793196799799927,m2_2
190,-1609.22361309587,1,1.5,1.42022464864302,m2_2
190,-1609.22361309587,2,1.5,0.962220230628617,m2_2
190,-1609.22361309587,3,1.5,0.91033769972696,m2_2
190,-1609.22361309587,0,4,0.313759273521338,m2_2
190,-1609.22361309587,1,4,0.712885030519922,m2_2
190,-1609.22361309587,2,4,0.946872106839789,m2_2
190,-1609.22361309587,3,4,0.910776929262079,m2_2
192,-1630.36669706355,0,1,0.89336009808107,m2_2
192,-1630.36669706355,1,1,0.886942687825842,m2_2
192,-1630.36669706355,2,1,0.937100678213223,m2_2
192,-1630.36669706355,3,1,1.04846598981841,m2_2
192,-1630.36669706355,0,1.5,0.854163218489941,m2_2
192,-1630.36669706355,1,1.5,0.940624339739116,m2_2
192,-1630.36669706355,2,1.5,0.904621077889291,m2_2
192,-1630.36669706355,3,1.5,0.984731767071458,m2_2
192,-1630.36669706355,0,4,0.630046518423914,m2_2
192,-1630.36669706355,1,4,0.935212757467464,m2_2
192,-1630.36669706355,2,4,0.864443731749005,m2_2
192,-1630.36669706355,3,4,1.01904665405312,m2_2
196,-1588.08052912819,0,1,0.658508157663224,m2_2
196,-1588.08052912819,1,1,0.932695113342414,m2_2
196,-1588.08052912819,2,1,2.38270095419862,m2_2
196,-1588.08052912819,3,1,0.82200151428133,m2_2
196,-1588.08052912819,0,1.5,0.301243688273051,m2_2
196,-1588.08052912819,1,1.5,0.12738706896374,m2_2
196,-1588.08052912819,2,1.5,1.24743030330229,m2_2
196,-1588.08052912819,3,1.5,0.980079712577772,m2_2
196,-1588.08052912819,0,4,0.258554875313989,m2_2
196,-1588.08052912819,1,4,0.230156107555242,m2_2
196,-1588.08052912819,2,4,1.24152934123425,m2_2
196,-1588.08052912819,3,4,1.62538374961786,m2_2
197,-1588.08052912819,0,1,0.608086075698728,m2_2
197,-1588.08052912819,1,1,0.795616343666954,m2_2
197,-1588.08052912819,2,1,0.715906282107795,m2_2
197,-1588.08052912819,3,1,0.704529952819683,m2_2
197,-1588.08052912819,0,1.5,0.354887130699504,m2_2
197,-1588.08052912819,1,1.5,0.854669737420101,m2_2
197,-1588.08052912819,2,1.5,0.888592555044532,m2_2
197,-1588.08052912819,3,1.5,0.992117524479693,m2_2
197,-1588.08052912819,0,4,0.204290700277666,m2_2
197,-1588.08052912819,1,4,0.519439020850554,m2_2
197,-1588.08052912819,2,4,0.751426747189432,m2_2
197,-1588.08052912819,3,4,0.694449789146994,m2_2
198,-1588.08052912819,0,1,0.735775653615711,m2_2
198,-1588.08052912819,1,1,0.900096747593776,m2_2
198,-1588.08052912819,2,1,0.831731918328486,m2_2
198,-1588.08052912819,3,1,0.975892488301675,m2_2
198,-1588.08052912819,0,1.5,0.646448731383081,m2_2
198,-1588.08052912819,1,1.5,0.959631964459096,m2_2
198,-1588.08052912819,2,1.5,0.920678093665247,m2_2
198,-1588.08052912819,3,1.5,0.944618877942044,m2_2
198,-1588.08052912819,0,4,0.366541066615529,m2_2
198,-1588.08052912819,1,4,0.603961889750976,m2_2
198,-1588.08052912819,2,4,0.817202125313207,m2_2
198,-1588.08052912819,3,4,0.760627241056567,m2_2
199,-1588.08052912819,0,1,0.692488256749151,m2_2
199,-1588.08052912819,1,1,0.865048746127265,m2_2
199,-1588.08052912819,2,1,1.06879062699159,m2_2
199,-1588.08052912819,3,1,0.868964643971943,m2_2
199,-1588.08052912819,0,1.5,0.488918199226285,m2_2
199,-1588.08052912819,1,1.5,0.952873385399396,m2_2
199,-1588.08052912819,2,1.5,1.24335601568388,m2_2
199,-1588.08052912819,3,1.5,1.15022876608608,m2_2
199,-1588.08052912819,0,4,0.320154028810421,m2_2
199,-1588.08052912819,1,4,0.712609543460382,m2_2
199,-1588.08052912819,2,4,0.919575179036116,m2_2
199,-1588.08052912819,3,4,0.950319307849885,m2_2
203,-1588.08052912819,0,1,0.527762606649387,m2_2
203,-1588.08052912819,1,1,0.61623672301293,m2_2
203,-1588.08052912819,2,1,1.08444486055752,m2_2
203,-1588.08052912819,3,1,0.912959176781215,m2_2
203,-1588.08052912819,0,1.5,0.491223580939338,m2_2
203,-1588.08052912819,1,1.5,0.742402136880711,m2_2
203,-1588.08052912819,2,1.5,1.13266682944489,m2_2
203,-1588.08052912819,3,1.5,1.05349554068629,m2_2
203,-1588.08052912819,0,4,0.276302960946056,m2_2
203,-1588.08052912819,1,4,0.625642179183268,m2_2
203,-1588.08052912819,2,4,0.809057604905025,m2_2
203,-1588.08052912819,3,4,0.954387950485414,m2_2
205,-1566.9374451605,0,1,0.964884078067027,m2_2
205,-1566.9374451605,1,1,0.861539722920981,m2_2
205,-1566.9374451605,2,1,1.09044621067862,m2_2
205,-1566.9374451605,3,1,1.01435887538377,m2_2
205,-1566.9374451605,0,1.5,0.767262814248842,m2_2
205,-1566.9374451605,1,1.5,1.00227571779769,m2_2
205,-1566.9374451605,2,1.5,1.28724777105792,m2_2
205,-1566.9374451605,3,1.5,1.04410056753993,m2_2
205,-1566.9374451605,0,4,0.64322471982354,m2_2
205,-1566.9374451605,1,4,0.76459422620145,m2_2
205,-1566.9374451605,2,4,1.08527346281056,m2_2
205,-1566.9374451605,3,4,1.0342189686832,m2_2
206,-1524.65127722514,0,1,0.574068255491907,m2_2
206,-1524.65127722514,1,1,0.938937772344027,m2_2
206,-1524.65127722514,2,1,0.88302840788522,m2_2
206,-1524.65127722514,3,1,0.876298000372908,m2_2
206,-1524.65127722514,0,1.5,0.577070281945088,m2_2
206,-1524.65127722514,1,1.5,0.797398723253366,m2_2
206,-1524.65127722514,2,1.5,0.982597254106329,m2_2
206,-1524.65127722514,3,1.5,0.862540902917352,m2_2
206,-1524.65127722514,0,4,0.278180559675875,m2_2
206,-1524.65127722514,1,4,0.71496680071495,m2_2
206,-1524.65127722514,2,4,1.02909053599694,m2_2
206,-1524.65127722514,3,4,1.08700940217612,m2_2
209,-1545.79436119282,0,1,0.68117510301762,m2_2
209,-1545.79436119282,1,1,1.01713841422533,m2_2
209,-1545.79436119282,2,1,0.890899800339467,m2_2
209,-1545.79436119282,3,1,1.20347811949103,m2_2
209,-1545.79436119282,0,1.5,0.670070135052076,m2_2
209,-1545.79436119282,1,1.5,0.534216198959137,m2_2
209,-1545.79436119282,2,1.5,1.04590316011952,m2_2
209,-1545.79436119282,3,1.5,0.960730861531402,m2_2
209,-1545.79436119282,0,4,0.253873713372428,m2_2
209,-1545.79436119282,1,4,0.741566627270489,m2_2
209,-1545.79436119282,2,4,0.981589846036825,m2_2
209,-1545.79436119282,3,4,1.06686180970272,m2_2
212,-1503.50819325745,0,1,0.632498407805814,m2_2
212,-1503.50819325745,1,1,0.998397544326127,m2_2
212,-1503.50819325745,2,1,1.04254720427989,m2_2
212,-1503.50819325745,3,1,1.18062421517754,m2_2
212,-1503.50819325745,0,1.5,0.447331819766546,m2_2
212,-1503.50819325745,1,1.5,0.652291848559183,m2_2
212,-1503.50819325745,2,1.5,1.26193096228214,m2_2
212,-1503.50819325745,3,1.5,1.07641005633014,m2_2
212,-1503.50819325745,0,4,0.21060059811826,m2_2
212,-1503.50819325745,1,4,0.601662729339883,m2_2
212,-1503.50819325745,2,4,0.938263519850825,m2_2
212,-1503.50819325745,3,4,1.11855124533123,m2_2
214,-1482.36510928977,0,1,1.39297479725181,m2_2
214,-1482.36510928977,1,1,1.79364479344449,m2_2
214,-1482.36510928977,2,1,5.11950511834803,m2_2
214,-1482.36510928977,3,1,0.589836970427618,m2_2
214,-1482.36510928977,0,1.5,0.232254890876625,m2_2
214,-1482.36510928977,1,1.5,0.957078276913231,m2_2
214,-1482.36510928977,2,1.5,3.43933187772719,m2_2
214,-1482.36510928977,3,1.5,0.883674756685864,m2_2
214,-1482.36510928977,0,4,0.702191307072857,m2_2
214,-1482.36510928977,1,4,1.56816286382485,m2_2
214,-1482.36510928977,2,4,2.17143345265827,m2_2
214,-1482.36510928977,3,4,2.7282422881728,m2_2
216,-1482.36510928977,0,1,0.715614592908258,m2_2
216,-1482.36510928977,1,1,0.933609425081138,m2_2
216,-1482.36510928977,2,1,1.23059291960031,m2_2
216,-1482.36510928977,3,1,1.27139898480959,m2_2
216,-1482.36510928977,0,1.5,0.493199233902181,m2_2
216,-1482.36510928977,1,1.5,1.15031892132019,m2_2
216,-1482.36510928977,2,1.5,1.20805759551289,m2_2
216,-1482.36510928977,3,1.5,1.17829928954961,m2_2
216,-1482.36510928977,0,4,0.227762057719191,m2_2
216,-1482.36510928977,1,4,1.00277264531254,m2_2
216,-1482.36510928977,2,4,1.35602711220096,m2_2
216,-1482.36510928977,3,4,1.26861959129571,m2_2
217,-1503.50819325745,0,1,0.729466009069966,m2_2
217,-1503.50819325745,1,1,0.997529875615669,m2_2
217,-1503.50819325745,2,1,0.919220751637816,m2_2
217,-1503.50819325745,3,1,0.790318365198586,m2_2
217,-1503.50819325745,0,1.5,0.588378165584931,m2_2
217,-1503.50819325745,1,1.5,0.853125021435103,m2_2
217,-1503.50819325745,2,1.5,1.18865258949834,m2_2
217,-1503.50819325745,3,1.5,1.08275619557954,m2_2
217,-1503.50819325745,0,4,0.430919979634177,m2_2
217,-1503.50819325745,1,4,0.607667813835491,m2_2
217,-1503.50819325745,2,4,0.999288975502945,m2_2
217,-1503.50819325745,3,4,1.18308848241204,m2_2
220,-1461.22202532209,0,1,0.7067981861044,m2_2
220,-1461.22202532209,1,1,1.31640826363535,m2_2
220,-1461.22202532209,2,1,0.655471437100323,m2_2
220,-1461.22202532209,3,1,1.15048398535686,m2_2
220,-1461.22202532209,0,1.5,0.988921563731241,m2_2
220,-1461.22202532209,1,1.5,0.716994838415943,m2_2
220,-1461.22202532209,2,1.5,0.767233593180551,m2_2
220,-1461.22202532209,3,1.5,0.835610916648647,m2_2
220,-1461.22202532209,0,4,0.423755941845124,m2_2
220,-1461.22202532209,1,4,0.853139071157805,m2_2
220,-1461.22202532209,2,4,1.0506347096852,m2_2
220,-1461.22202532209,3,4,0.993802700243619,m2_2
224,-1461.22202532209,0,1,0.681686760768088,m2_2
224,-1461.22202532209,1,1,0.784847342633655,m2_2
224,-1461.22202532209,2,1,1.04301230087796,m2_2
224,-1461.22202532209,3,1,0.937954829625834,m2_2
224,-1461.22202532209,0,1.5,0.676166153369964,m2_2
224,-1461.22202532209,1,1.5,0.919399463477875,m2_2
224,-1461.22202532209,2,1.5,1.09487428540425,m2_2
224,-1461.22202532209,3,1.5,1.03328182535627,m2_2
224,-1461.22202532209,0,4,0.294831560220733,m2_2
224,-1461.22202532209,1,4,0.840445421286752,m2_2
224,-1461.22202532209,2,4,1.04483382603663,m2_2
224,-1461.22202532209,3,4,0.802556124639229,m2_2
225,-1440.0789413544,0,1,0.785914196664433,m2_2
225,-1440.0789413544,1,1,1.07530551015198,m2_2
225,-1440.0789413544,2,1,0.966803146067431,m2_2
225,-1440.0789413544,3,1,0.917585566275197,m2_2
225,-1440.0789413544,0,1.5,0.622886221501988,m2_2
225,-1440.0789413544,1,1.5,1.11035756277947,m2_2
225,-1440.0789413544,2,1.5,1.19048249159419,m2_2
225,-1440.0789413544,3,1.5,0.968125117535275,m2_2
225,-1440.0789413544,0,4,0.39441998470622,m2_2
225,-1440.0789413544,1,4,1.01290005284411,m2_2
225,-1440.0789413544,2,4,1.27870760883357,m2_2
225,-1440.0789413544,3,4,1.01178730185738,m2_2
228,-1397.79277341904,0,1,0.436482864938498,m2_2
228,-1397.79277341904,1,1,1.15462758461222,m2_2
228,-1397.79277341904,2,1,1.25926593850482,m2_2
228,-1397.79277341904,3,1,0.565066856960124,m2_2
228,-1397.79277341904,0,1.5,0.472332571687195,m2_2
228,-1397.79277341904,1,1.5,0.987940915692512,m2_2
228,-1397.79277341904,2,1.5,1.08466442062888,m2_2
228,-1397.79277341904,3,1.5,0.889646046003066,m2_2
228,-1397.79277341904,0,4,0.409601007201783,m2_2
228,-1397.79277341904,1,4,1.01764691573225,m2_2
228,-1397.79277341904,2,4,1.31496835005673,m2_2
228,-1397.79277341904,3,4,0.81650300452869,m2_2
229,-1397.79277341904,0,1,1.05648318763962,m2_2
229,-1397.79277341904,1,1,1.77166651243783,m2_2
229,-1397.79277341904,2,1,1.48886783035864,m2_2
229,-1397.79277341904,3,1,1.42988404650998,m2_2
229,-1397.79277341904,0,1.5,1.24368522661072,m2_2
229,-1397.79277341904,1,1.5,1.03503205414237,m2_2
229,-1397.79277341904,2,1.5,1.69108362381742,m2_2
229,-1397.79277341904,3,1.5,1.3580259656499,m2_2
229,-1397.79277341904,0,4,0.939465676502849,m2_2
229,-1397.79277341904,1,4,1.58261793070113,m2_2
229,-1397.79277341904,2,4,2.11874465951384,m2_2
229,-1397.79277341904,3,4,1.5232259839129,m2_2
233,-1397.79277341904,0,1,0.876164039564503,m2_2
233,-1397.79277341904,1,1,0.419892304903583,m2_2
233,-1397.79277341904,2,1,1.14403877209009,m2_2
233,-1397.79277341904,3,1,1.36326627041801,m2_2
233,-1397.79277341904,0,1.5,0.751080915915796,m2_2
233,-1397.79277341904,1,1.5,0.920324003441137,m2_2
233,-1397.79277341904,2,1.5,1.22277949875503,m2_2
233,-1397.79277341904,3,1.5,0.642632029050627,m2_2
233,-1397.79277341904,0,4,0.279289335999393,m2_2
233,-1397.79277341904,1,4,1.15326384219733,m2_2
233,-1397.79277341904,2,4,1.37685933021724,m2_2
233,-1397.79277341904,3,4,1.09051463777679,m2_2
234,-1397.79277341904,0,1,0.678342009307986,m2_2
234,-1397.79277341904,1,1,0.9013706372581,m2_2
234,-1397.79277341904,2,1,0.996807174834619,m2_2
234,-1397.79277341904,3,1,0.920719157685623,m2_2
234,-1397.79277341904,0,1.5,0.672831554068851,m2_2
234,-1397.79277341904,1,1.5,0.939291763480075,m2_2
234,-1397.79277341904,2,1.5,1.055051146932,m2_2
234,-1397.79277341904,3,1.5,0.908263819844615,m2_2
234,-1397.79277341904,0,4,0.314139089517708,m2_2
234,-1397.79277341904,1,4,0.820205595924144,m2_2
234,-1397.79277341904,2,4,1.24593551616866,m2_2
234,-1397.79277341904,3,4,1.06784957663445,m2_2
237,-1376.64968945136,0,1,0.286473929349489,m2_2
237,-1376.64968945136,1,1,1.00224632137638,m2_2
237,-1376.64968945136,2,1,0.95336643970222,m2_2
237,-1376.64968945136,3,1,1.2230098339971,m2_2
237,-1376.64968945136,0,1.5,0.216993542878637,m2_2
237,-1376.64968945136,1,1.5,0.711844078183241,m2_2
237,-1376.64968945136,2,1.5,1.2178071998487,m2_2
237,-1376.64968945136,3,1.5,1.3730869000219,m2_2
237,-1376.64968945136,0,4,0.235497608185868,m2_2
237,-1376.64968945136,1,4,0.451420028431791,m2_2
237,-1376.64968945136,2,4,1.3715030336493,m2_2
237,-1376.64968945136,3,4,1.1284000863997,m2_2
241,-1376.64968945136,0,1,0.695495108523437,m2_2
241,-1376.64968945136,1,1,1.07238763091972,m2_2
241,-1376.64968945136,2,1,1.20748389891877,m2_2
241,-1376.64968945136,3,1,0.718952200394221,m2_2
241,-1376.64968945136,0,1.5,0.593758127402575,m2_2
241,-1376.64968945136,1,1.5,1.03783702524906,m2_2
241,-1376.64968945136,2,1.5,1.14548200266626,m2_2
241,-1376.64968945136,3,1.5,1.09864454360632,m2_2
241,-1376.64968945136,0,4,0.489147699467194,m2_2
241,-1376.64968945136,1,4,0.826380662718157,m2_2
241,-1376.64968945136,2,4,1.66693723303101,m2_2
241,-1376.64968945136,3,4,1.31300399820367,m2_2
242,-1334.36352151599,0,1,0.662178006058796,m2_2
242,-1334.36352151599,1,1,0.853190689880377,m2_2
242,-1334.36352151599,2,1,0.617644144069672,m2_2
242,-1334.36352151599,3,1,1.123426701434,m2_2
242,-1334.36352151599,0,1.5,0.756512479566961,m2_2
242,-1334.36352151599,1,1.5,0.695230314170089,m2_2
242,-1334.36352151599,2,1.5,1.31994439169349,m2_2
242,-1334.36352151599,3,1.5,0.967783806572174,m2_2
242,-1334.36352151599,0,4,0.517217284974748,m2_2
242,-1334.36352151599,1,4,0.661983257602865,m2_2
242,-1334.36352151599,2,4,1.03054802330718,m2_2
242,-1334.36352151599,3,4,1.28394991616832,m2_2
247,-1334.36352151599,0,1,0.918357082914268,m2_2
247,-1334.36352151599,1,1,1.13078603509845,m2_2
247,-1334.36352151599,2,1,1.25640871863201,m2_2
247,-1334.36352151599,3,1,0.72115461197506,m2_2
247,-1334.36352151599,0,1.5,0.724097035367684,m2_2
247,-1334.36352151599,1,1.5,1.07553865026675,m2_2
247,-1334.36352151599,2,1.5,1.15988819103338,m2_2
247,-1334.36352151599,3,1.5,1.00369615305513,m2_2
247,-1334.36352151599,0,4,0.558444297307484,m2_2
247,-1334.36352151599,1,4,0.996435548674817,m2_2
247,-1334.36352151599,2,4,1.28166983557205,m2_2
247,-1334.36352151599,3,4,0.977473912892154,m2_2
251,-1270.93426961294,0,1,0.387678206916465,m2_2
251,-1270.93426961294,1,1,0.916466011335353,m2_2
251,-1270.93426961294,2,1,0.851870210226158,m2_2
251,-1270.93426961294,3,1,0.908334353793005,m2_2
251,-1270.93426961294,0,1.5,0.482446004737764,m2_2
251,-1270.93426961294,1,1.5,1.02745504932511,m2_2
251,-1270.93426961294,2,1.5,0.554878047132075,m2_2
251,-1270.93426961294,3,1.5,1.3472299953575,m2_2
251,-1270.93426961294,0,4,0.344231002398122,m2_2
251,-1270.93426961294,1,4,0.474263870795019,m2_2
251,-1270.93426961294,2,4,0.338068597601834,m2_2
251,-1270.93426961294,3,4,0.819386333271732,m2_2
259,-1292.07735358062,0,1,0.469818519361544,m2_2
259,-1292.07735358062,1,1,1.15633820033391,m2_2
259,-1292.07735358062,2,1,0.902128466176435,m2_2
259,-1292.07735358062,3,1,1.05346377516683,m2_2
259,-1292.07735358062,0,1.5,0.411808758867213,m2_2
259,-1292.07735358062,1,1.5,1.18482891938792,m2_2
259,-1292.07735358062,2,1.5,1.01364117960849,m2_2
259,-1292.07735358062,3,1.5,0.915694282237153,m2_2
259,-1292.07735358062,0,4,0.630488593732673,m2_2
259,-1292.07735358062,1,4,0.547029230964239,m2_2
259,-1292.07735358062,2,4,0.936384724124026,m2_2
259,-1292.07735358062,3,4,0.90776639736746,m2_2
261,-1292.07735358062,0,1,0.665578388139859,m2_2
261,-1292.07735358062,1,1,0.869771139439315,m2_2
261,-1292.07735358062,2,1,1.07175849016148,m2_2
261,-1292.07735358062,3,1,0.680275735433138,m2_2
261,-1292.07735358062,0,1.5,0.393982775966703,m2_2
261,-1292.07735358062,1,1.5,1.15605492184198,m2_2
261,-1292.07735358062,2,1.5,1.13660281400656,m2_2
261,-1292.07735358062,3,1.5,0.746467157514986,m2_2
261,-1292.07735358062,0,4,0.261953303631706,m2_2
261,-1292.07735358062,1,4,0.66095162908563,m2_2
261,-1292.07735358062,2,4,0.977278014109162,m2_2
261,-1292.07735358062,3,4,0.734504948344556,m2_2
262,-1270.93426961294,0,1,0.609645178416996,m2_2
262,-1270.93426961294,1,1,1.19568213346455,m2_2
262,-1270.93426961294,2,1,0.982842896875836,m2_2
262,-1270.93426961294,3,1,0.875515348634887,m2_2
262,-1270.93426961294,0,1.5,0.649643290440952,m2_2
262,-1270.93426961294,1,1.5,0.666836834886695,m2_2
262,-1270.93426961294,2,1.5,1.14875579450646,m2_2
262,-1270.93426961294,3,1.5,0.991127915860913,m2_2
262,-1270.93426961294,0,4,0.359426433752563,m2_2
262,-1270.93426961294,1,4,0.672036043917023,m2_2
262,-1270.93426961294,2,4,1.02743118105968,m2_2
262,-1270.93426961294,3,4,0.969020001782657,m2_2
263,-1292.07735358062,0,1,0.612706121904509,m2_2
263,-1292.07735358062,1,1,0.988916915096605,m2_2
263,-1292.07735358062,2,1,0.99702200417279,m2_2
263,-1292.07735358062,3,1,0.782160358669156,m2_2
263,-1292.07735358062,0,1.5,0.477731828353653,m2_2
263,-1292.07735358062,1,1.5,0.941778385180349,m2_2
263,-1292.07735358062,2,1.5,1.05918318837285,m2_2
263,-1292.07735358062,3,1.5,1.31827605925393,m2_2
263,-1292.07735358062,0,4,0.367660820145211,m2_2
263,-1292.07735358062,1,4,0.750993226935895,m2_2
263,-1292.07735358062,2,4,1.09442984715436,m2_2
263,-1292.07735358062,3,4,0.948230703731643,m2_2
268,-1249.79118564526,0,1,0.7750461848175,m2_2
268,-1249.79118564526,1,1,0.527632496587754,m2_2
268,-1249.79118564526,2,1,0.902396063050922,m2_2
268,-1249.79118564526,3,1,1.03226181004489,m2_2
268,-1249.79118564526,0,1.5,0.606254072796087,m2_2
268,-1249.79118564526,1,1.5,0.157722696092188,m2_2
268,-1249.79118564526,2,1.5,0.383477329188916,m2_2
268,-1249.79118564526,3,1.5,0.735544044335617,m2_2
268,-1249.79118564526,0,4,0.310563783616805,m2_2
268,-1249.79118564526,1,4,0.51160909918687,m2_2
268,-1249.79118564526,2,4,1.28230146866877,m2_2
268,-1249.79118564526,3,4,1.15002140478245,m2_2
269,-1249.79118564526,0,1,0.592353683874073,m2_2
269,-1249.79118564526,1,1,0.863263581988363,m2_2
269,-1249.79118564526,2,1,1.04733553367499,m2_2
269,-1249.79118564526,3,1,0.683454734710396,m2_2
269,-1249.79118564526,0,1.5,0.367694615873223,m2_2
269,-1249.79118564526,1,1.5,0.848434618019838,m2_2
269,-1249.79118564526,2,1.5,1.15513080574674,m2_2
269,-1249.79118564526,3,1.5,0.784699281106842,m2_2
269,-1249.79118564526,0,4,0.295107308065515,m2_2
269,-1249.79118564526,1,4,0.714024100012171,m2_2
269,-1249.79118564526,2,4,1.27563509624078,m2_2
269,-1249.79118564526,3,4,0.921850926961793,m2_2
272,-1207.50501770989,0,1,0.565269243685921,m2_2
272,-1207.50501770989,1,1,0.637522062719884,m2_2
272,-1207.50501770989,2,1,0.89452232288951,m2_2
272,-1207.50501770989,3,1,1.4895485981369,m2_2
272,-1207.50501770989,0,1.5,0.324077921140134,m2_2
272,-1207.50501770989,1,1.5,0.744032135084467,m2_2
272,-1207.50501770989,2,1.5,0.877145736720116,m2_2
272,-1207.50501770989,3,1.5,0.679578141313732,m2_2
272,-1207.50501770989,0,4,0.182210838172566,m2_2
272,-1207.50501770989,1,4,0.819248361832358,m2_2
272,-1207.50501770989,2,4,0.774339286320985,m2_2
272,-1207.50501770989,3,4,0.688679687342354,m2_2
275,-1186.36193374221,0,1,0.735291662596877,m2_2
275,-1186.36193374221,1,1,0.616792629922818,m2_2
275,-1186.36193374221,2,1,0.66640819044568,m2_2
275,-1186.36193374221,3,1,1.07392230528907,m2_2
275,-1186.36193374221,0,1.5,0.251445327963572,m2_2
275,-1186.36193374221,1,1.5,0.620399368086675,m2_2
275,-1186.36193374221,2,1.5,0.804489853242533,m2_2
275,-1186.36193374221,3,1.5,0.875895883099997,m2_2
275,-1186.36193374221,0,4,0.294081531737355,m2_2
275,-1186.36193374221,1,4,0.496876734523591,m2_2
275,-1186.36193374221,2,4,1.3435137804691,m2_2
275,-1186.36193374221,3,4,0.884496589317243,m2_2
276,-1207.50501770989,0,1,0.47858643386771,m2_2
276,-1207.50501770989,1,1,0.891864353088297,m2_2
276,-1207.50501770989,2,1,0.907538486583626,m2_2
276,-1207.50501770989,3,1,0.742901380377631,m2_2
276,-1207.50501770989,0,1.5,0.530748305613112,m2_2
276,-1207.50501770989,1,1.5,0.757775118118938,m2_2
276,-1207.50501770989,2,1.5,0.987407428345001,m2_2
276,-1207.50501770989,3,1.5,0.84463609980344,m2_2
276,-1207.50501770989,0,4,0.426157217221257,m2_2
276,-1207.50501770989,1,4,0.714981800846712,m2_2
276,-1207.50501770989,2,4,1.16517537052575,m2_2
276,-1207.50501770989,3,4,0.963871302959646,m2_2
277,-1144.07576580684,0,1,0.609056793448053,m2_2
277,-1144.07576580684,1,1,0.753783262500767,m2_2
277,-1144.07576580684,2,1,0.798637616079059,m2_2
277,-1144.07576580684,3,1,0.61132371370771,m2_2
277,-1144.07576580684,0,1.5,0.421438199725521,m2_2
277,-1144.07576580684,1,1.5,0.819756017902799,m2_2
277,-1144.07576580684,2,1.5,0.917743454567426,m2_2
277,-1144.07576580684,3,1.5,0.613715464862002,m2_2
277,-1144.07576580684,0,4,0.82741471978908,m2_2
277,-1144.07576580684,1,4,0.582145488369881,m2_2
277,-1144.07576580684,2,4,1.05158002417685,m2_2
277,-1144.07576580684,3,4,1.06578907574479,m2_2
279,-1144.07576580684,0,1,0.68756544992132,m2_2
279,-1144.07576580684,1,1,1.14757624448035,m2_2
279,-1144.07576580684,2,1,1.49451585086237,m2_2
279,-1144.07576580684,3,1,1.01236363553666,m2_2
279,-1144.07576580684,0,1.5,0.566327579691827,m2_2
279,-1144.07576580684,1,1.5,0.864031509915433,m2_2
279,-1144.07576580684,2,1.5,1.40814234304492,m2_2
279,-1144.07576580684,3,1.5,0.794565018616892,m2_2
279,-1144.07576580684,0,4,0.407309414726171,m2_2
279,-1144.07576580684,1,4,1.28449742391858,m2_2
279,-1144.07576580684,2,4,1.30250596836145,m2_2
279,-1144.07576580684,3,4,1.36608283007498,m2_2
281,-1165.21884977453,0,1,0.309970236341258,m2_2
281,-1165.21884977453,1,1,0.657524688266966,m2_2
281,-1165.21884977453,2,1,0.787767534585679,m2_2
281,-1165.21884977453,3,1,0.58219114722888,m2_2
281,-1165.21884977453,0,1.5,0.0510795577316632,m2_2
281,-1165.21884977453,1,1.5,0.641707555010431,m2_2
281,-1165.21884977453,2,1.5,1.87802489527233,m2_2
281,-1165.21884977453,3,1.5,0.142806849197649,m2_2
281,-1165.21884977453,0,4,0.0830860549445313,m2_2
281,-1165.21884977453,1,4,0.0661042020597621,m2_2
281,-1165.21884977453,2,4,0.840596182564737,m2_2
281,-1165.21884977453,3,4,0.976726491145876,m2_2
284,-1165.21884977453,0,1,0.44173872444214,m2_2
284,-1165.21884977453,1,1,0.78718861103662,m2_2
284,-1165.21884977453,2,1,1.30843395693947,m2_2
284,-1165.21884977453,3,1,0.741764121865668,m2_2
284,-1165.21884977453,0,1.5,0.38328958086512,m2_2
284,-1165.21884977453,1,1.5,0.882853721394426,m2_2
284,-1165.21884977453,2,1.5,1.10281465426756,m2_2
284,-1165.21884977453,3,1.5,0.733380365553378,m2_2
284,-1165.21884977453,0,4,0.378997403200769,m2_2
284,-1165.21884977453,1,4,0.577322652911512,m2_2
284,-1165.21884977453,2,4,0.876537289949323,m2_2
284,-1165.21884977453,3,4,1.02101306868132,m2_2
301,-1038.36034596843,0,1,0.095791873003581,m2_2
301,-1038.36034596843,1,1,0.786139596249938,m2_2
301,-1038.36034596843,2,1,1.06340014616222,m2_2
301,-1038.36034596843,3,1,0.965688188801949,m2_2
301,-1038.36034596843,0,1.5,0.320449430494967,m2_2
301,-1038.36034596843,1,1.5,0.591164826440017,m2_2
301,-1038.36034596843,2,1.5,0.881478950780098,m2_2
301,-1038.36034596843,3,1.5,1.18659022739775,m2_2
301,-1038.36034596843,0,4,0.112651906686386,m2_2
301,-1038.36034596843,1,4,0.178961309235744,m2_2
301,-1038.36034596843,2,4,0.727441175280639,m2_2
301,-1038.36034596843,3,4,0.839557111051734,m2_2
1,-1501.15896170549,0,2,0.600779789751005,v2mm
1,-1501.15896170549,0.5,2,0.476093592223322,v2mm
1,-1501.15896170549,1,2,0.72396649456165,v2mm
1,-1501.15896170549,1.5,2,0.340398006562164,v2mm
1,-1501.15896170549,2,2,0.609112576463487,v2mm
1,-1501.15896170549,2.5,2,0.876003467768714,v2mm
1,-1501.15896170549,3,2,0.735861348313245,v2mm
1,-1501.15896170549,0,4,0.469543281997991,v2mm
1,-1501.15896170549,0.5,4,0.468965167390338,v2mm
1,-1501.15896170549,1,4,0.342836650986246,v2mm
1,-1501.15896170549,1.5,4,0.291800430383901,v2mm
1,-1501.15896170549,2,4,0.438951555671887,v2mm
1,-1501.15896170549,2.5,4,0.591877126656721,v2mm
1,-1501.15896170549,3,4,0.62643896781634,v2mm
2,-1501.15896170549,0,2,0.76109450842327,v2mm
2,-1501.15896170549,0.5,2,0.821960008189018,v2mm
2,-1501.15896170549,1,2,1.04290359000822,v2mm
2,-1501.15896170549,1.5,2,0.615182832081857,v2mm
2,-1501.15896170549,2,2,0.877692044759165,v2mm
2,-1501.15896170549,2.5,2,0.801185551746861,v2mm
2,-1501.15896170549,3,2,0.890297660778273,v2mm
2,-1501.15896170549,0,4,0.849378974096305,v2mm
2,-1501.15896170549,0.5,4,0.768561224730727,v2mm
2,-1501.15896170549,1,4,0.767035094712139,v2mm
2,-1501.15896170549,1.5,4,0.272265989404315,v2mm
2,-1501.15896170549,2,4,0.608149338126175,v2mm
2,-1501.15896170549,2.5,4,0.778250342859582,v2mm
2,-1501.15896170549,3,4,0.604497515445844,v2mm
3,-1522.30204567317,0,2,0.941277815351834,v2mm
3,-1522.30204567317,0.5,2,0.904988739820282,v2mm
3,-1522.30204567317,1,2,1.01069391082427,v2mm
3,-1522.30204567317,1.5,2,0.860999297841706,v2mm
3,-1522.30204567317,2,2,0.858568573710957,v2mm
3,-1522.30204567317,2.5,2,0.769515257396354,v2mm
3,-1522.30204567317,3,2,0.927526215898315,v2mm
3,-1522.30204567317,0,4,0.932946508682498,v2mm
3,-1522.30204567317,0.5,4,0.671791357841237,v2mm
3,-1522.30204567317,1,4,0.716435872498137,v2mm
3,-1522.30204567317,1.5,4,0.613920463501201,v2mm
3,-1522.30204567317,2,4,0.861721768241877,v2mm
3,-1522.30204567317,2.5,4,0.873970927121054,v2mm
3,-1522.30204567317,3,4,0.816367034413745,v2mm
8,-1480.01587773781,0,2,0.744889457099331,v2mm
8,-1480.01587773781,0.5,2,0.795593523541464,v2mm
8,-1480.01587773781,1,2,0.934069232652855,v2mm
8,-1480.01587773781,1.5,2,0.683725039635028,v2mm
8,-1480.01587773781,2,2,0.939524547391572,v2mm
8,-1480.01587773781,2.5,2,0.555780329599708,v2mm
8,-1480.01587773781,3,2,1.07327921817672,v2mm
8,-1480.01587773781,0,4,0.991102852241167,v2mm
8,-1480.01587773781,0.5,4,0.374322973641262,v2mm
8,-1480.01587773781,1,4,0.619200705305868,v2mm
8,-1480.01587773781,1.5,4,0.462940837496228,v2mm
8,-1480.01587773781,2,4,0.556912337670005,v2mm
8,-1480.01587773781,2.5,4,0.945450791609177,v2mm
8,-1480.01587773781,3,4,0.824820213249795,v2mm
10,-1458.87279377012,0,2,0.920649258866852,v2mm
10,-1458.87279377012,0.5,2,0.8495341922278,v2mm
10,-1458.87279377012,1,2,1.01914649072916,v2mm
10,-1458.87279377012,1.5,2,0.691022235631697,v2mm
10,-1458.87279377012,2,2,0.656697947474807,v2mm
10,-1458.87279377012,2.5,2,0.855317001881575,v2mm
10,-1458.87279377012,3,2,0.631443916968718,v2mm
10,-1458.87279377012,0,4,0.908951823779569,v2mm
10,-1458.87279377012,0.5,4,0.841686818518059,v2mm
10,-1458.87279377012,1,4,0.871190276037609,v2mm
10,-1458.87279377012,1.5,4,0.405013379355613,v2mm
10,-1458.87279377012,2,4,0.641556701174511,v2mm
10,-1458.87279377012,2.5,4,0.737885739516012,v2mm
10,-1458.87279377012,3,4,0.672197508128294,v2mm
14,-1437.72970980244,0,2,0.808173254085731,v2mm
14,-1437.72970980244,0.5,2,0.829907703316711,v2mm
14,-1437.72970980244,1,2,1.35671809788153,v2mm
14,-1437.72970980244,1.5,2,0.977544768933239,v2mm
14,-1437.72970980244,2,2,0.673476899534848,v2mm
14,-1437.72970980244,2.5,2,0.823731849691042,v2mm
14,-1437.72970980244,3,2,0.86667468980276,v2mm
14,-1437.72970980244,0,4,0.873837817364755,v2mm
14,-1437.72970980244,0.5,4,0.718305724004067,v2mm
14,-1437.72970980244,1,4,0.672524307819907,v2mm
14,-1437.72970980244,1.5,4,0.386312468760241,v2mm
14,-1437.72970980244,2,4,0.771316668163179,v2mm
14,-1437.72970980244,2.5,4,0.81240947231037,v2mm
14,-1437.72970980244,3,4,0.682538045175812,v2mm
31,-1289.72812202866,0,2,0.899481348830652,v2mm
31,-1289.72812202866,0.5,2,1.06810395082771,v2mm
31,-1289.72812202866,1,2,0.865691561996632,v2mm
31,-1289.72812202866,1.5,2,0.894281906827824,v2mm
31,-1289.72812202866,2,2,1.74653054239441,v2mm
31,-1289.72812202866,2.5,2,1.06213695373828,v2mm
31,-1289.72812202866,3,2,1.62183900613857,v2mm
31,-1289.72812202866,0,4,0.640512049679045,v2mm
31,-1289.72812202866,0.5,4,0.978609017977837,v2mm
31,-1289.72812202866,1,4,0.844162663889633,v2mm
31,-1289.72812202866,1.5,4,1.0449160000602,v2mm
31,-1289.72812202866,2,4,1.37464774454054,v2mm
31,-1289.72812202866,2.5,4,1.46812074740618,v2mm
31,-1289.72812202866,3,4,1.25159537375329,v2mm
37,-1268.58503806098,0,2,0.428463601522147,v2mm
37,-1268.58503806098,0.5,2,0.524452640809791,v2mm
37,-1268.58503806098,1,2,1.151774729532,v2mm
37,-1268.58503806098,1.5,2,0.763674025184232,v2mm
37,-1268.58503806098,2,2,1.12015763712372,v2mm
37,-1268.58503806098,2.5,2,1.1191968206687,v2mm
37,-1268.58503806098,3,2,0.964457451032366,v2mm
37,-1268.58503806098,0,4,0.520307196439319,v2mm
37,-1268.58503806098,0.5,4,0.288549323268652,v2mm
37,-1268.58503806098,1,4,0.589827131400156,v2mm
37,-1268.58503806098,1.5,4,0.664147778198681,v2mm
37,-1268.58503806098,2,4,1.10367654692964,v2mm
37,-1268.58503806098,2.5,4,0.811535454705724,v2mm
37,-1268.58503806098,3,4,0.753043244253999,v2mm
73,-1078.29728235183,0,2,0.658216451607746,v2mm
73,-1078.29728235183,0.5,2,0.562271605441163,v2mm
73,-1078.29728235183,1,2,0.644479733779311,v2mm
73,-1078.29728235183,1.5,2,0.631829323841694,v2mm
73,-1078.29728235183,2,2,1.40970174240605,v2mm
73,-1078.29728235183,2.5,2,1.1385717307919,v2mm
73,-1078.29728235183,3,2,1.36375243725974,v2mm
73,-1078.29728235183,0,4,0.565196956864983,v2mm
73,-1078.29728235183,0.5,4,0.279141706744988,v2mm
73,-1078.29728235183,1,4,0.439234057085282,v2mm
73,-1078.29728235183,1.5,4,0.63000754054894,v2mm
73,-1078.29728235183,2,4,0.789118454959461,v2mm
73,-1078.29728235183,2.5,4,1.53574640543329,v2mm
73,-1078.29728235183,3,4,1.55383988233725,v2mm
93,-951.438778545732,0,2,0.129731424420168,v2mm
93,-951.438778545732,0.5,2,0.0911541444315811,v2mm
93,-951.438778545732,1,2,0.251050409201208,v2mm
93,-951.438778545732,1.5,2,0.532779940068566,v2mm
93,-951.438778545732,2,2,0.774141731500256,v2mm
93,-951.438778545732,2.5,2,0.914894679315208,v2mm
93,-951.438778545732,3,2,0.937088695063607,v2mm
93,-951.438778545732,0,4,0.133142123118436,v2mm
93,-951.438778545732,0.5,4,0.149970122901825,v2mm
93,-951.438778545732,1,4,0.149976050488464,v2mm
93,-951.438778545732,1.5,4,0.256357967450946,v2mm
93,-951.438778545732,2,4,0.643695483296998,v2mm
93,-951.438778545732,2.5,4,0.985418066329494,v2mm
93,-951.438778545732,3,4,0.922481615298727,v2mm
96,-951.438778545732,0,2,0.423260879510069,v2mm
96,-951.438778545732,0.5,2,0.26639440487463,v2mm
96,-951.438778545732,1,2,1.1002246380137,v2mm
96,-951.438778545732,1.5,2,1.10363962406723,v2mm
96,-951.438778545732,2,2,1.37462546831208,v2mm
96,-951.438778545732,2.5,2,0.703321520491026,v2mm
96,-951.438778545732,3,2,1.0360198082588,v2mm
96,-951.438778545732,0,4,0.620103053096896,v2mm
96,-951.438778545732,0.5,4,0.240313853020846,v2mm
96,-951.438778545732,1,4,0.434673848062789,v2mm
96,-951.438778545732,1.5,4,0.473680848294505,v2mm
96,-951.438778545732,2,4,1.7884234061569,v2mm
96,-951.438778545732,2.5,4,1.13522327467311,v2mm
96,-951.438778545732,3,4,1.0053326155879,v2mm
105,-930.295694578049,0,2,0.0970288203584495,v2mm
105,-930.295694578049,0.5,2,0.0901189700511919,v2mm
105,-930.295694578049,1,2,0.521933618362476,v2mm
105,-930.295694578049,1.5,2,0.433647989426277,v2mm
105,-930.295694578049,2,2,0.589384807111085,v2mm
105,-930.295694578049,2.5,2,0.969117642590787,v2mm
105,-930.295694578049,3,2,1.64365401124914,v2mm
105,-930.295694578049,0,4,0.405931774443827,v2mm
105,-930.295694578049,0.5,4,0.0820126739910492,v2mm
105,-930.295694578049,1,4,0.136989295158215,v2mm
105,-930.295694578049,1.5,4,0.045598732575172,v2mm
105,-930.295694578049,2,4,0.435364337263909,v2mm
105,-930.295694578049,2.5,4,0.518867471970004,v2mm
105,-930.295694578049,3,4,0.223930511033647,v2mm
111,-909.152610610366,0,2,0.950267989368368,v2mm
111,-909.152610610366,0.5,2,0.342886140021551,v2mm
111,-909.152610610366,1,2,0.885036712509645,v2mm
111,-909.152610610366,1.5,2,0.963158032623355,v2mm
111,-909.152610610366,2,2,1.68761366779891,v2mm
111,-909.152610610366,2.5,2,0.797666129393491,v2mm
111,-909.152610610366,3,2,1.07139635714244,v2mm
111,-909.152610610366,0,4,0.552919693218944,v2mm
111,-909.152610610366,0.5,4,0.433600079469419,v2mm
111,-909.152610610366,1,4,0.399899965627371,v2mm
111,-909.152610610366,1.5,4,0.938052703949543,v2mm
111,-909.152610610366,2,4,1.22905675909994,v2mm
111,-909.152610610366,2.5,4,1.06462408973132,v2mm
111,-909.152610610366,3,4,1.14086430305179,v2mm
113,-909.152610610366,0,2,0.649913996749035,v2mm
113,-909.152610610366,0.5,2,0.378073832166263,v2mm
113,-909.152610610366,1,2,0.72945370950069,v2mm
113,-909.152610610366,1.5,2,0.878025186165695,v2mm
113,-909.152610610366,2,2,0.896459478610574,v2mm
113,-909.152610610366,2.5,2,1.11190847010448,v2mm
113,-909.152610610366,3,2,1.02253425684536,v2mm
113,-909.152610610366,0,4,0.528838246500455,v2mm
113,-909.152610610366,0.5,4,0.17803113306949,v2mm
113,-909.152610610366,1,4,0.556243317031767,v2mm
113,-909.152610610366,1.5,4,0.976691899664666,v2mm
113,-909.152610610366,2,4,0.873422383532108,v2mm
113,-909.152610610366,2.5,4,0.845799756501493,v2mm
113,-909.152610610366,3,4,0.979782809160808,v2mm
120,-909.152610610366,0,2,0.548867260993592,v2mm
120,-909.152610610366,0.5,2,0.100894801770356,v2mm
120,-909.152610610366,1,2,0.28124230800561,v2mm
120,-909.152610610366,1.5,2,0.506001517555608,v2mm
120,-909.152610610366,2,2,0.696586761090268,v2mm
120,-909.152610610366,2.5,2,0.808895718858721,v2mm
120,-909.152610610366,3,2,0.882548406101247,v2mm
120,-909.152610610366,0,4,0.3023239636031,v2mm
120,-909.152610610366,0.5,4,0.0898928375786474,v2mm
120,-909.152610610366,1,4,0.159680307710557,v2mm
120,-909.152610610366,1.5,4,0.475777155007639,v2mm
120,-909.152610610366,2,4,0.500203712336452,v2mm
120,-909.152610610366,2.5,4,0.725622373499239,v2mm
120,-909.152610610366,3,4,0.835574190878441,v2mm
121,-888.009526642683,0,2,0.227427305906082,v2mm
121,-888.009526642683,0.5,2,0.198360808196592,v2mm
121,-888.009526642683,1,2,0.278837716643208,v2mm
121,-888.009526642683,1.5,2,0.632640941586112,v2mm
121,-888.009526642683,2,2,0.940484007903892,v2mm
121,-888.009526642683,2.5,2,1.22355047735633,v2mm
121,-888.009526642683,3,2,1.31967642040548,v2mm
121,-888.009526642683,0,4,0.30290925658201,v2mm
121,-888.009526642683,0.5,4,0.136309751705369,v2mm
121,-888.009526642683,1,4,0.230589789126761,v2mm
121,-888.009526642683,1.5,4,0.226040553007759,v2mm
121,-888.009526642683,2,4,0.560471897618999,v2mm
121,-888.009526642683,2.5,4,0.852036581448069,v2mm
121,-888.009526642683,3,4,0.905214300498399,v2mm
122,-866.866442675,0,2,0.324643006595003,v2mm
122,-866.866442675,0.5,2,0.508052965763352,v2mm
122,-866.866442675,1,2,0.89847185123531,v2mm
122,-866.866442675,1.5,2,0.968398273151607,v2mm
122,-866.866442675,2,2,1.07971785947539,v2mm
122,-866.866442675,2.5,2,0.763492806493486,v2mm
122,-866.866442675,3,2,1.08598276207291,v2mm
122,-866.866442675,0,4,0.405720611569775,v2mm
122,-866.866442675,0.5,4,0.614287202387033,v2mm
122,-866.866442675,1,4,0.339708626295542,v2mm
122,-866.866442675,1.5,4,0.603861770125284,v2mm
122,-866.866442675,2,4,1.3886934013291,v2mm
122,-866.866442675,2.5,4,1.00984511316118,v2mm
122,-866.866442675,3,4,1.06552880344918,v2mm
123,-888.009526642683,0,2,0.522045945867698,v2mm
123,-888.009526642683,0.5,2,0.485402536147677,v2mm
123,-888.009526642683,1,2,1.13751571995311,v2mm
123,-888.009526642683,1.5,2,0.948320991948677,v2mm
123,-888.009526642683,2,2,1.45651813822361,v2mm
123,-888.009526642683,2.5,2,0.95444971937475,v2mm
123,-888.009526642683,3,2,1.1338741947269,v2mm
123,-888.009526642683,0,4,0.650278596952833,v2mm
123,-888.009526642683,0.5,4,0.291461821095216,v2mm
123,-888.009526642683,1,4,0.562896433801394,v2mm
123,-888.009526642683,1.5,4,0.485492941442279,v2mm
123,-888.009526642683,2,4,1.28912845676893,v2mm
123,-888.009526642683,2.5,4,1.27385023278386,v2mm
123,-888.009526642683,3,4,1.13931036943302,v2mm
134,-824.580274739635,0,2,0.340976605416773,v2mm
134,-824.580274739635,0.5,2,0.227221048643363,v2mm
134,-824.580274739635,1,2,0.684093885556758,v2mm
134,-824.580274739635,1.5,2,0.579804323126279,v2mm
134,-824.580274739635,2,2,1.26210319426469,v2mm
134,-824.580274739635,2.5,2,0.631415568583556,v2mm
134,-824.580274739635,3,2,1.06383342355071,v2mm
134,-824.580274739635,0,4,0.409438490994741,v2mm
134,-824.580274739635,0.5,4,0.237621800645382,v2mm
134,-824.580274739635,1,4,0.347186089247108,v2mm
134,-824.580274739635,1.5,4,0.241341927206302,v2mm
134,-824.580274739635,2,4,0.815084979552065,v2mm
134,-824.580274739635,2.5,4,0.792131170337126,v2mm
134,-824.580274739635,3,4,1.1463194558905,v2mm
135,-803.437190771952,0,2,0.206812260790382,v2mm
135,-803.437190771952,0.5,2,0.291610656017758,v2mm
135,-803.437190771952,1,2,0.741445317347089,v2mm
135,-803.437190771952,1.5,2,0.661634537225382,v2mm
135,-803.437190771952,2,2,0.956072122289554,v2mm
135,-803.437190771952,2.5,2,0.953972219004211,v2mm
135,-803.437190771952,3,2,0.820755340066054,v2mm
135,-803.437190771952,0,4,0.242359751980677,v2mm
135,-803.437190771952,0.5,4,0.487387827442791,v2mm
135,-803.437190771952,1,4,0.342579503035844,v2mm
135,-803.437190771952,1.5,4,0.310679500141513,v2mm
135,-803.437190771952,2,4,1.4202879773025,v2mm
135,-803.437190771952,2.5,4,0.895658075095893,v2mm
135,-803.437190771952,3,4,0.594490794421139,v2mm
152,-718.86485490122,0,2,0.0787179020553625,v2mm
152,-718.86485490122,0.5,2,0.0989024643322432,v2mm
152,-718.86485490122,1,2,0.154607911038073,v2mm
152,-718.86485490122,1.5,2,0.403993752693471,v2mm
152,-718.86485490122,2,2,0.506224006011632,v2mm
152,-718.86485490122,2.5,2,0.579961044131345,v2mm
152,-718.86485490122,3,2,0.582575001994241,v2mm
152,-718.86485490122,0,4,0.105770916550501,v2mm
152,-718.86485490122,0.5,4,0.132259760249653,v2mm
152,-718.86485490122,1,4,0.105662912744385,v2mm
152,-718.86485490122,1.5,4,0.0617492205982586,v2mm
152,-718.86485490122,2,4,0.500656255961273,v2mm
152,-718.86485490122,2.5,4,0.690111887074067,v2mm
152,-718.86485490122,3,4,0.760067942821111,v2mm
158,-655.435602998171,0,2,0.173121157455919,v2mm
158,-655.435602998171,0.5,2,0.405857932530587,v2mm
158,-655.435602998171,1,2,0.20457632286971,v2mm
158,-655.435602998171,1.5,2,0.270481705012857,v2mm
158,-655.435602998171,2,2,0.787680471265363,v2mm
158,-655.435602998171,2.5,2,0.715239478431858,v2mm
158,-655.435602998171,3,2,0.865124110221959,v2mm
158,-655.435602998171,0,4,0.159873685691654,v2mm
158,-655.435602998171,0.5,4,0.597942516799658,v2mm
158,-655.435602998171,1,4,0.334930509014036,v2mm
158,-655.435602998171,1.5,4,0.175570702972399,v2mm
158,-655.435602998171,2,4,0.538430774288924,v2mm
158,-655.435602998171,2.5,4,0.657174893695308,v2mm
158,-655.435602998171,3,4,0.885173154533119,v2mm
169,-613.149435062805,0,2,0.270816177629572,v2mm
169,-613.149435062805,0.5,2,0.643384027170369,v2mm
169,-613.149435062805,1,2,0.511187733929464,v2mm
169,-613.149435062805,1.5,2,0.635653118267341,v2mm
169,-613.149435062805,2,2,0.915415431688881,v2mm
169,-613.149435062805,2.5,2,1.01260277650316,v2mm
169,-613.149435062805,3,2,1.075944818312,v2mm
169,-613.149435062805,0,4,0.176082796050098,v2mm
169,-613.149435062805,0.5,4,0.748333207883009,v2mm
169,-613.149435062805,1,4,0.193785498721944,v2mm
169,-613.149435062805,1.5,4,0.429935357155415,v2mm
169,-613.149435062805,2,4,0.811654980857755,v2mm
169,-613.149435062805,2.5,4,0.791722689220165,v2mm
169,-613.149435062805,3,4,0.783908037846341,v2mm
170,-613.149435062805,0,2,0.0789238206103282,v2mm
170,-613.149435062805,0.5,2,0.195486602225342,v2mm
170,-613.149435062805,1,2,0.394222490444605,v2mm
170,-613.149435062805,1.5,2,0.501839987377269,v2mm
170,-613.149435062805,2,2,1.73458225874805,v2mm
170,-613.149435062805,2.5,2,0.872935141384602,v2mm
170,-613.149435062805,3,2,0.905981445647183,v2mm
170,-613.149435062805,0,4,0.101059503573852,v2mm
170,-613.149435062805,0.5,4,0.186176978384829,v2mm
170,-613.149435062805,1,4,0.139499216973572,v2mm
170,-613.149435062805,1.5,4,0.258493812956911,v2mm
170,-613.149435062805,2,4,0.779298145269929,v2mm
170,-613.149435062805,2.5,4,1.07494147413525,v2mm
170,-613.149435062805,3,4,0.973377925525564,v2mm
175,-634.292519030488,0,2,0.145987261459762,v2mm
175,-634.292519030488,0.5,2,0.105776156803918,v2mm
175,-634.292519030488,1,2,0.140390673308726,v2mm
175,-634.292519030488,1.5,2,0.390117259083373,v2mm
175,-634.292519030488,2,2,0.623320310003099,v2mm
175,-634.292519030488,2.5,2,1.06343814774406,v2mm
175,-634.292519030488,3,2,0.849606539211375,v2mm
175,-634.292519030488,0,4,0.102047915410411,v2mm
175,-634.292519030488,0.5,4,0.0930168807098697,v2mm
175,-634.292519030488,1,4,0.116005694911146,v2mm
175,-634.292519030488,1.5,4,0.1758260518724,v2mm
175,-634.292519030488,2,4,0.45127127404004,v2mm
175,-634.292519030488,2.5,4,0.638399095327692,v2mm
175,-634.292519030488,3,4,0.720010539703809,v2mm
178,-613.149435062805,0,2,0.167580176490956,v2mm
178,-613.149435062805,0.5,2,0.480784256143264,v2mm
178,-613.149435062805,1,2,0.317509099577119,v2mm
178,-613.149435062805,1.5,2,0.459912672533939,v2mm
178,-613.149435062805,2,2,0.869529341424772,v2mm
178,-613.149435062805,2.5,2,1.02423761656828,v2mm
178,-613.149435062805,3,2,1.2515938813693,v2mm
178,-613.149435062805,0,4,0.250034631546705,v2mm
178,-613.149435062805,0.5,4,0.793887688800831,v2mm
178,-613.149435062805,1,4,0.452621995353374,v2mm
178,-613.149435062805,1.5,4,0.238401249596068,v2mm
178,-613.149435062805,2,4,0.514826405768436,v2mm
178,-613.149435062805,2.5,4,0.77724642465816,v2mm
178,-613.149435062805,3,4,1.10320741259978,v2mm
204,-486.290931256708,0,2,0.126683706475884,v2mm
204,-486.290931256708,0.5,2,0.45495389405071,v2mm
204,-486.290931256708,1,2,0.104811900042906,v2mm
204,-486.290931256708,1.5,2,0.274427869616866,v2mm
204,-486.290931256708,2,2,0.55468298385516,v2mm
204,-486.290931256708,2.5,2,1.28037842864738,v2mm
204,-486.290931256708,3,2,1.37107056961717,v2mm
204,-486.290931256708,0,4,0.216161550836393,v2mm
204,-486.290931256708,0.5,4,0.705562247071365,v2mm
204,-486.290931256708,1,4,0.245750366266903,v2mm
204,-486.290931256708,1.5,4,0.160111617950793,v2mm
204,-486.290931256708,2,4,0.251325405091196,v2mm
204,-486.290931256708,2.5,4,0.991164827460471,v2mm
204,-486.290931256708,3,4,1.12710197574157,v2mm
212,-444.004763321342,0,2,0.163825497758964,v2mm
212,-444.004763321342,0.5,2,0.145756162726655,v2mm
212,-444.004763321342,1,2,0.171779839173878,v2mm
212,-444.004763321342,1.5,2,0.159045528556951,v2mm
212,-444.004763321342,2,2,0.878193795294018,v2mm
212,-444.004763321342,2.5,2,0.746063042146696,v2mm
212,-444.004763321342,3,2,1.83442294826606,v2mm
212,-444.004763321342,0,4,0.150193096420923,v2mm
212,-444.004763321342,0.5,4,0.477942099015287,v2mm
212,-444.004763321342,1,4,0.237333130898462,v2mm
212,-444.004763321342,1.5,4,0.0934998266348116,v2mm
212,-444.004763321342,2,4,0.262790216640209,v2mm
212,-444.004763321342,2.5,4,0.727048509267255,v2mm
212,-444.004763321342,3,4,1.43383950907323,v2mm
214,-465.147847289025,0,2,0.14101272427103,v2mm
214,-465.147847289025,0.5,2,0.543745821591416,v2mm
214,-465.147847289025,1,2,0.104052466832643,v2mm
214,-465.147847289025,1.5,2,0.268110260189762,v2mm
214,-465.147847289025,2,2,0.412275417864131,v2mm
214,-465.147847289025,2.5,2,1.8859821104954,v2mm
214,-465.147847289025,3,2,0.570721958735811,v2mm
214,-465.147847289025,0,4,0.00817970029601341,v2mm
214,-465.147847289025,0.5,4,0.563224763442955,v2mm
214,-465.147847289025,1,4,0.0627077658914751,v2mm
214,-465.147847289025,1.5,4,0.346498911878242,v2mm
214,-465.147847289025,2,4,0.635897949064588,v2mm
214,-465.147847289025,2.5,4,0.977951398738865,v2mm
214,-465.147847289025,3,4,0.321882329270166,v2mm
224,-401.718595385976,0,2,0.0921182169237899,v2mm
224,-401.718595385976,0.5,2,0.355012877306831,v2mm
224,-401.718595385976,1,2,0.0673378762211082,v2mm
224,-401.718595385976,1.5,2,0.279967082628879,v2mm
224,-401.718595385976,2,2,0.949790325703195,v2mm
224,-401.718595385976,2.5,2,1.5063304894298,v2mm
224,-401.718595385976,3,2,1.12390241028301,v2mm
224,-401.718595385976,0,4,0.19058043052786,v2mm
224,-401.718595385976,0.5,4,0.526965940467829,v2mm
224,-401.718595385976,1,4,0.343831606036984,v2mm
224,-401.718595385976,1.5,4,0.221044060024795,v2mm
224,-401.718595385976,2,4,0.471906363847506,v2mm
224,-401.718595385976,2.5,4,1.23433931630069,v2mm
224,-401.718595385976,3,4,1.57205028740717,v2mm
225,-422.861679353659,0,2,0.189584424317025,v2mm
225,-422.861679353659,0.5,2,0.566171111824501,v2mm
225,-422.861679353659,1,2,0.275579742520633,v2mm
225,-422.861679353659,1.5,2,0.313419364720612,v2mm
225,-422.861679353659,2,2,0.928288519773661,v2mm
225,-422.861679353659,2.5,2,1.39751858795401,v2mm
225,-422.861679353659,3,2,0.975081007402208,v2mm
225,-422.861679353659,0,4,0.265604010732763,v2mm
225,-422.861679353659,0.5,4,0.740840767335473,v2mm
225,-422.861679353659,1,4,0.269660189685454,v2mm
225,-422.861679353659,1.5,4,0.0763573376502319,v2mm
225,-422.861679353659,2,4,0.370929764671678,v2mm
225,-422.861679353659,2.5,4,0.681198054662546,v2mm
225,-422.861679353659,3,4,0.814541790680932,v2mm
228,-401.718595385976,0,2,0.137262814094317,v2mm
228,-401.718595385976,0.5,2,0.171507729058405,v2mm
228,-401.718595385976,1,2,0.214830750281092,v2mm
228,-401.718595385976,1.5,2,0.241539262848718,v2mm
228,-401.718595385976,2,2,0.95027222416497,v2mm
228,-401.718595385976,2.5,2,0.49441788772863,v2mm
228,-401.718595385976,3,2,0.959366093870251,v2mm
228,-401.718595385976,0,4,0.308381333368869,v2mm
228,-401.718595385976,0.5,4,0.222861367641947,v2mm
228,-401.718595385976,1,4,0.270508100255365,v2mm
228,-401.718595385976,1.5,4,0.132567997784668,v2mm
228,-401.718595385976,2,4,0.268627303151599,v2mm
228,-401.718595385976,2.5,4,0.50405413941293,v2mm
228,-401.718595385976,3,4,2.43908599670171,v2mm
